排名,證券代號,證券名稱,買進日數,軌跡
1,6526,達發,14,●●●●●●●●●●●●●●
2,3338,泰碩,14,●●●●●●●●●●●●●●
3,1702,南僑,14,●●●●●●●●●●●●●●
4,6189,豐藝,13,●○●●●●●●●●●●●●
5,7786,東方風能,13,●●○●●●●●●●●●●●
6,3257,虹冠電,13,●●●●●●●●○●●●●●
7,9919,康那香,13,●●●●●●●●○●●●●●
8,2412,中華電,13,●●●●●●●●●○●●●●
9,5225,東科-KY,13,●●●●●●●●●○●●●●
10,2887H,台新新光庚特二,13,●●●●●●●●●●●○●●
11,3518,柏騰,13,●●●●●●●●●●●●○●
12,8249,菱光,13,●●●●●●●●●●●●●○
13,2534,宏盛,12,●○○●●●●●●●●●●●
14,1340,勝悅-KY,12,●○●○●●●●●●●●●●
15,4927,泰鼎-KY,12,●○●●●○●●●●●●●●
16,6152,百一,12,●○●●●●○●●●●●●●
17,3035,智原,12,●○●●●●●○●●●●●●
18,7730,暉盛-創,12,○●●●●●●○●●●●●●
19,3652,精聯,12,●●●●●●○●○●●●●●
20,1325,恆大,12,●●●●●●●●○○●●●●
21,2377,微星,12,●●●●●●●○●●○●●●
22,4952,凌通,12,●○●●●●●●●●○●●●
23,4916,事欣科,12,●○●●●●●●●●●○●●
24,6776,展碁國際,12,●●●●●●●●●●○●○●
25,6168,宏齊,12,●●●●●●●○●●●●●○
26,2883B,凱基金乙特,12,●●●●●●●●●●●●○○
27,4564,元翎,12,●●○●●●●●●●●●●○
28,5608,四維航,12,○●●●●●●●●●●●●○
29,6944,兆聯實業,11,●○○○●●●●●●●●●●
30,6552,易華電,11,○○●○●●●●●●●●●●
