排名,證券代號,證券名稱,軌跡,日期權重,上榜次數,最近連續,熱度,五日總買超
1,6770,力積電,●●○●●,12,4,2,★★,106593124
2,2344,華邦電,●●○●●,12,4,2,★★,63010060
3,2317,鴻海,●●○●●,12,4,2,★★,20395725
4,8150,南茂,●●●○●,11,4,1,★,55610546
5,2408,南亞科,○●○●●,11,3,2,★★,43230949
6,2337,旺宏,○●○●●,11,3,2,★★,16979110
7,3016,嘉晶,●●●●○,10,4,0,,23218518
8,2409,友達,●○○●●,10,3,2,★★,328631564
9,3481,群創,●○○●●,10,3,2,★★,129811438
10,2002,中鋼,○○○●●,9,2,2,★★,64114029
11,1101,台泥,●●○○●,8,3,1,★,97722684
12,2618,長榮航,●●○○●,8,3,1,★,30001924
13,2610,華航,●●○○●,8,3,1,★,24912328
14,1301,台塑,○○●○●,8,2,1,★,30517361
15,1409,新纖,○○●○●,8,2,1,★,5439721
16,1314,中石化,○●○○●,7,2,1,★,50626916
17,2609,陽明,○●○○●,7,2,1,★,9806107
18,6456,GIS-KY,○●○○●,7,2,1,★,8354726
19,1303,南亞,○○●●○,7,2,0,,48005745
20,3231,緯創,○○●●○,7,2,0,,15952824
21,9105,泰金寶-DR,○○●●○,7,2,0,,6458301
22,3189,景碩,●●●○○,6,3,0,,19733652
23,3711,日月光投控,●●●○○,6,3,0,,14394578
24,3037,欣興,●●●○○,6,3,0,,12884811
25,8046,南電,●●●○○,6,3,0,,10596054
26,6116,彩晶,●○○○●,6,2,1,★,21584696
27,1718,中纖,●○○○●,6,2,1,★,13279482
28,1312,國喬,●○○○●,6,2,1,★,12644968
29,2354,鴻準,●○○○●,6,2,1,★,8282112
30,6505,台塑化,○●○●○,6,2,0,,11627028
