證券代號,證券名稱,外陸資買進股數(不含外資自營商),外陸資賣出股數(不含外資自營商),外陸資買賣超股數(不含外資自營商),外資自營商買進股數,外資自營商賣出股數,外資自營商買賣超股數,投信買進股數,投信賣出股數,投信買賣超股數,自營商買賣超股數,自營商買進股數(自行買賣),自營商賣出股數(自行買賣),自營商買賣超股數(自行買賣),自營商買進股數(避險),自營商賣出股數(避險),自營商買賣超股數(避險),三大法人買賣超股數
2618,長榮航,28462330,6461957,22000373,0,0,0,130000,3000,127000,496096,66000,0,66000,650044,219948,430096,22623469
1216,統一,25137124,4801615,20335509,0,0,0,0,97000,-97000,-4412,57000,113000,-56000,103706,52118,51588,20234097
2409,友達,51808023,38663523,13144500,0,0,0,0,2000,-2000,4462247,2007000,512000,1495000,3962583,995336,2967247,17604747
2887,台新新光金,25291494,11094876,14196618,0,0,0,62000,7000,55000,232392,140000,0,140000,356000,263608,92392,14484010
1402,遠東新,16099834,2095813,14004021,0,0,0,120000,0,120000,196254,57000,0,57000,220714,81460,139254,14320275
2610,華航,17228929,11057495,6171434,0,0,0,6997000,0,6997000,237000,150000,50000,100000,208000,71000,137000,13405434
2002,中鋼,21492595,9442070,12050525,0,0,0,0,0,0,-182149,165000,0,165000,82277,429426,-347149,11868376
8112,至上,12469207,3991206,8478001,0,0,0,1365,51000,-49635,132924,12000,109000,-97000,533854,303930,229924,8561290
3231,緯創,30815907,13657697,17158210,0,0,0,1223000,11499000,-10276000,861453,957000,248000,709000,770031,617578,152453,7743663
2867,三商壽,9092713,2712000,6380713,0,0,0,0,0,0,361000,400000,39000,361000,0,0,0,6741713
2891,中信金,13671803,7462168,6209635,0,0,0,67000,248000,-181000,93719,209000,0,209000,94528,209809,-115281,6122354
2027,大成鋼,6281861,4498420,1783441,0,0,0,5000000,135000,4865000,-541193,70000,204000,-134000,52761,459954,-407193,6107248
2606,裕民,6887388,1303662,5583726,0,0,0,0,14000,-14000,291258,187000,38000,149000,164168,21910,142258,5860984
2014,中鴻,5935000,169000,5766000,0,0,0,0,0,0,-17000,52000,69000,-17000,0,0,0,5749000
6213,聯茂,18068659,12267252,5801407,0,0,0,0,40000,-40000,-268247,452367,706397,-254030,226534,240751,-14217,5493160
2354,鴻準,22690562,18417555,4273007,0,0,0,0,0,0,428368,180000,67000,113000,1118265,802897,315368,4701375
2882,國泰金,11714356,7397458,4316898,0,0,0,0,2000,-2000,60866,83000,8000,75000,170212,184346,-14134,4375764
6269,台郡,7605050,3632070,3972980,0,0,0,0,0,0,307951,350000,92000,258000,171538,121587,49951,4280931
2031,新光鋼,5283030,1135723,4147307,0,0,0,0,1000,-1000,116902,124000,13000,111000,6889,987,5902,4263209
2603,長榮,3485764,1013296,2472468,0,0,0,1204000,21000,1183000,-71406,26000,135000,-109000,42954,5360,37594,3584062
4763,材料*-KY,5868392,2583216,3285176,0,0,0,0,0,0,52200,73000,76000,-3000,195884,140684,55200,3337376
1101,台泥,10731900,7271926,3459974,0,0,0,0,2000,-2000,-158560,91000,206000,-115000,59001,102561,-43560,3299414
5880,合庫金,6538344,3317504,3220840,0,0,0,0,0,0,27000,40000,4000,36000,0,9000,-9000,3247840
2881,富邦金,8077207,4707195,3370012,0,0,0,0,140000,-140000,15799,138000,22000,116000,86020,186221,-100201,3245811
2010,春源,3784110,699000,3085110,0,0,0,0,0,0,75015,136015,59000,77015,0,2000,-2000,3160125
2034,允強,3251567,305075,2946492,0,0,0,0,0,0,65610,59000,4000,55000,19610,9000,10610,3012102
2885,元大金,10745801,8110732,2635069,0,0,0,600000,249000,351000,-25364,0,17000,-17000,50933,59297,-8364,2960705
2451,創見,5393021,2391375,3001646,0,0,0,7000,11000,-4000,-80637,5000,0,5000,45785,131422,-85637,2917009
2006,東和鋼鐵,5358989,2370639,2988350,0,0,0,0,13000,-13000,-70778,40000,78000,-38000,8292,41070,-32778,2904572
8422,可寧衛*,3907735,1302000,2605735,0,0,0,0,25000,-25000,282215,45000,4000,41000,245450,4235,241215,2862950
9945,潤泰新,4624117,2065970,2558147,0,0,0,0,0,0,179386,54000,0,54000,131386,6000,125386,2737533
2547,日勝生,2823457,319000,2504457,0,0,0,0,0,0,66000,326000,260000,66000,0,0,0,2570457
2504,國產,3149149,656000,2493149,0,0,0,0,0,0,69829,73000,3171,69829,0,0,0,2562978
2049,上銀,7550257,3695333,3854924,0,0,0,29000,1569000,-1540000,247362,104500,108100,-3600,631783,380821,250962,2562286
2408,南亞科,22887281,20739711,2147570,0,0,0,148000,169000,-21000,365468,1160180,794405,365775,305129,305436,-307,2492038
2890,永豐金,7569424,5141719,2427705,0,0,0,37000,4000,33000,15985,110000,32000,78000,9667,71682,-62015,2476690
2301,光寶科,16005207,13876458,2128749,0,0,0,20000,0,20000,147811,213000,153000,60000,482676,394865,87811,2296560
2637,慧洋-KY,2823692,555103,2268589,0,0,0,0,82000,-82000,40650,25000,7000,18000,36650,14000,22650,2227239
9904,寶成,9271150,7192415,2078735,0,0,0,136000,13000,123000,-93111,86000,469000,-383000,385000,95111,289889,2108624
1608,華榮,3619095,1605656,2013439,0,0,0,0,2000,-2000,45955,42000,8000,34000,15219,3264,11955,2057394
5522,遠雄,2343000,408000,1935000,0,0,0,12000,5000,7000,37000,42000,5000,37000,0,0,0,1979000
2330,台積電,14252298,13610638,641660,0,0,0,368000,307000,61000,1242950,1018355,105640,912715,434610,104375,330235,1945610
3045,台灣大,4719552,2995145,1724407,0,0,0,108063,3000,105063,8989,7000,14000,-7000,22000,6011,15989,1838459
3006,晶豪科,7959936,6167686,1792250,0,0,0,15000,0,15000,21835,38000,47000,-9000,198816,167981,30835,1829085
4566,時碩工業,2658000,857000,1801000,0,0,0,0,0,0,17282,13000,0,13000,31282,27000,4282,1818282
2515,中工,2757183,998482,1758701,0,0,0,0,0,0,54000,63000,9000,54000,0,0,0,1812701
2101,南港,2255308,533378,1721930,0,0,0,0,0,0,72914,48000,7000,41000,31917,3,31914,1794844
2412,中華電,4362785,2955267,1407518,0,0,0,384876,15000,369876,-27000,62000,87000,-25000,11000,13000,-2000,1750394
4904,遠傳,4052850,3108397,944453,0,0,0,763000,0,763000,40338,143000,80000,63000,1000,23662,-22662,1747791
9907,統一實,2242000,522000,1720000,0,0,0,0,8000,-8000,21000,21000,0,21000,0,0,0,1733000
3605,宏致,4524454,2702804,1821650,0,0,0,0,0,0,-94307,33000,7000,26000,133322,253629,-120307,1727343
4142,國光生,1835130,129000,1706130,0,0,0,0,0,0,12273,12000,0,12000,273,0,273,1718403
2371,大同,4162323,2451220,1711103,0,0,0,0,0,0,-29623,26000,8000,18000,4377,52000,-47623,1681480
2009,第一銅,2247195,552000,1695195,0,0,0,0,0,0,-13977,6000,2000,4000,36661,54638,-17977,1681218
3450,聯鈞,6521165,5254473,1266692,0,0,0,340000,0,340000,53410,173000,92000,81000,53206,80796,-27590,1660102
2105,正新,3396659,1909459,1487200,0,0,0,121000,2000,119000,22933,59000,0,59000,29224,65291,-36067,1629133
2436,偉詮電,2730536,1240000,1490536,0,0,0,0,25000,-25000,-31530,3000,30000,-27000,22289,26819,-4530,1434006
9941,裕融,1554810,231000,1323810,0,0,0,101000,1000,100000,3175,12000,15000,-3000,7175,1000,6175,1426985
2421,建準,3496979,1964102,1532877,0,0,0,10000,71000,-61000,-57302,14000,28000,-14000,15397,58699,-43302,1414575
2884,玉山金,10817622,10550505,267117,0,0,0,1171000,5000,1166000,-59213,143000,0,143000,63878,266091,-202213,1373904
2845,遠東銀,2806187,1504840,1301347,0,0,0,0,0,0,51000,125000,74000,51000,0,0,0,1352347
2357,華碩,3251517,784883,2466634,0,0,0,349000,1528000,-1179000,42139,21000,3000,18000,45545,21406,24139,1329773
9939,宏全,2114040,822000,1292040,0,0,0,0,1000,-1000,27177,10142,15000,-4858,42847,10812,32035,1318217
2108,南帝,1756298,434000,1322298,0,0,0,0,0,0,-4108,7000,12000,-5000,892,0,892,1318190
3022,威強電,2877557,1693000,1184557,0,0,0,1432,0,1432,124242,30000,2000,28000,139244,43002,96242,1310231
1301,台塑,11031452,10075768,955684,0,0,0,0,0,0,351097,447000,206000,241000,169376,59279,110097,1306781
6177,達麗,1478020,344000,1134020,0,0,0,0,0,0,140000,166000,26000,140000,0,0,0,1274020
2913,農林,1372000,150000,1222000,0,0,0,0,0,0,50000,59000,9000,50000,0,0,0,1272000
2897,王道銀行,1496000,287000,1209000,0,0,0,0,0,0,5000,5000,0,5000,0,0,0,1214000
6271,同欣電,3926456,3329256,597200,0,0,0,750000,0,750000,-148788,239000,194000,45000,91918,285706,-193788,1198412
9958,世紀鋼,1611260,501108,1110152,0,0,0,0,0,0,72708,57317,9234,48083,43657,19032,24625,1182860
1904,正隆,2057695,848046,1209649,0,0,0,0,0,0,-39692,59000,98000,-39000,19308,20000,-692,1169957
2727,王品,1353089,210000,1143089,0,0,0,0,0,0,15403,10012,6000,4012,11391,0,11391,1158492
1722,台肥,1592782,471380,1121402,0,0,0,0,0,0,17670,46000,29000,17000,1537,867,670,1139072
4967,十銓,3309546,2111040,1198506,0,0,0,0,0,0,-72236,1000,0,1000,41194,114430,-73236,1126270
1536,和大,1407267,393536,1013731,0,0,0,0,0,0,98161,82000,18000,64000,37780,3619,34161,1111892
1808,潤隆,1024931,101000,923931,0,0,0,0,0,0,175000,180000,5000,175000,0,0,0,1098931
2605,新興,1310465,497012,813453,0,0,0,0,0,0,245280,175000,24000,151000,149074,54794,94280,1058733
6781,AES-KY,1559671,524623,1035048,0,0,0,0,0,0,-4022,21000,47000,-26000,147272,125294,21978,1031026
1717,長興,2392687,1626794,765893,0,0,0,250000,0,250000,-21936,30000,6000,24000,28968,74904,-45936,993957
1909,榮成,2316000,1502000,814000,0,0,0,0,0,0,162000,166000,4000,162000,0,0,0,976000
2442,新美齊,901000,29000,872000,0,0,0,0,0,0,91000,142000,51000,91000,0,0,0,963000
2812,台中銀,8257075,7392000,865075,0,0,0,0,0,0,92000,85000,0,85000,153000,146000,7000,957075
2363,矽統,2699401,2520000,179401,0,0,0,0,80000,-80000,829290,10000,3000,7000,842402,20112,822290,928691
2615,萬海,2351497,1550269,801228,0,0,0,0,0,0,121845,60000,0,60000,100416,38571,61845,923073
2104,國際中橡,1645053,727000,918053,0,0,0,0,0,0,-39845,30000,71000,-41000,1155,0,1155,878208
6202,盛群,1549858,757000,792858,0,0,0,83000,20000,63000,-2417,3000,0,3000,20525,25942,-5417,853441
4961,天鈺,1055812,217140,838672,0,0,0,0,10000,-10000,19034,1000,0,1000,19034,1000,18034,847706
2646,星宇航空,1440100,636000,804100,0,0,0,0,0,0,9472,29000,0,29000,11000,30528,-19528,813572
6782,視陽,902908,147000,755908,0,0,0,0,0,0,50409,34027,2000,32027,19382,1000,18382,806317
2030,彰源,943616,141000,802616,0,0,0,0,0,0,-15000,10000,25000,-15000,0,0,0,787616
2426,鼎元,4927847,4152000,775847,0,0,0,0,0,0,3996,6000,2000,4000,33811,33815,-4,779843
3416,融程電,893715,122000,771715,0,0,0,0,0,0,-4428,3000,14000,-11000,8409,1837,6572,767287
2395,研華,4084008,3386464,697544,0,0,0,2000,0,2000,36836,28300,46000,-17700,114067,59531,54536,736380
5876,上海商銀,2680164,2348533,331631,0,0,0,320000,0,320000,47917,51000,0,51000,31000,34083,-3083,699548
1709,和益,1871645,1193000,678645,0,0,0,0,0,0,8958,29000,20000,9000,86,128,-42,687603
2542,興富發,1833000,1714000,119000,0,0,0,509000,0,509000,47709,43000,31000,12000,92684,56975,35709,675709
2204,中華,1572000,221000,1351000,0,0,0,0,695000,-695000,8314,8000,0,8000,8000,7686,314,664314
6243,迅杰,1678050,1016000,662050,0,0,0,0,0,0,354,0,0,0,3193,2839,354,662404
4746,台耀,726121,74000,652121,0,0,0,0,0,0,1502,0,0,0,2315,813,1502,653623
6112,邁達特,703098,77000,626098,0,0,0,0,0,0,10183,14000,7000,7000,3395,212,3183,636281
2915,潤泰全,1102793,473000,629793,0,0,0,0,0,0,-2924,24000,22000,2000,76,5000,-4924,626869
4938,和碩,3163397,2985056,178341,0,0,0,716308,2000,714308,-274306,35000,70000,-35000,5051,244357,-239306,618343
2362,藍天,1790035,1183000,607035,0,0,0,0,0,0,-6674,13000,19000,-6000,16008,16682,-674,600361
6415,矽力*-KY,1808780,1188341,620439,0,0,0,5000,21000,-16000,-26964,6000,0,6000,13724,46688,-32964,577475
2903,遠百,745000,309635,435365,0,0,0,0,0,0,132000,206000,74000,132000,0,0,0,567365
2356,英業達,6046506,4567043,1479463,0,0,0,33000,780000,-747000,-170606,62000,4000,58000,45914,274520,-228606,561857
2889,國票金,1519000,1045000,474000,0,0,0,0,0,0,74022,201000,127000,74000,1000,978,22,548022
2912,統一超,1818204,928240,889964,0,0,0,0,352000,-352000,5824,13000,0,13000,4000,11176,-7176,543788
2536,宏普,1427000,956000,471000,0,0,0,0,0,0,63068,63068,0,63068,0,0,0,534068
2883,凱基金,12460773,16082413,-3621640,0,0,0,4200000,215000,3985000,151432,390000,0,390000,70502,309070,-238568,514792
1718,中纖,6570987,6581000,-10013,0,0,0,0,0,0,521054,648000,71392,576608,2805,58359,-55554,511041
9921,巨大,1442690,1002023,440667,0,0,0,0,0,0,60997,10000,16000,-6000,72610,5613,66997,501664
6456,GIS-KY,1252286,819000,433286,0,0,0,0,0,0,66135,4000,0,4000,78385,16250,62135,499421
2397,友通,725425,248106,477319,0,0,0,0,0,0,1018,5018,4000,1018,0,0,0,478337
2537,聯上發,446000,29000,417000,0,0,0,0,0,0,58066,59000,0,59000,66,1000,-934,475066
2211,長榮鋼,700379,223000,477379,0,0,0,0,2000,-2000,-5353,5000,12265,-7265,2042,130,1912,470026
6214,精誠,822781,354200,468581,0,0,0,870,0,870,-3755,0,0,0,5772,9527,-3755,465696
6757,台灣虎航,781185,284000,497185,0,0,0,0,84000,-84000,49000,13000,1000,12000,37000,0,37000,462185
2331,精英,741205,354000,387205,0,0,0,0,0,0,64080,73000,12000,61000,13080,10000,3080,451285
1810,和成,1178648,737270,441378,0,0,0,0,0,0,4000,4000,0,4000,0,0,0,445378
3035,智原,1455644,950129,505515,0,0,0,0,10000,-10000,-60626,12000,17000,-5000,91297,146923,-55626,434889
6691,洋基工程,603850,187000,416850,0,0,0,0,1000,-1000,14341,5000,0,5000,48332,38991,9341,430191
2348,海悅,513597,80000,433597,0,0,0,0,0,0,-6850,0,7000,-7000,150,0,150,426747
3703,欣陸,921000,632000,289000,0,0,0,0,0,0,126000,134000,8000,126000,0,0,0,415000
2543,皇昌,1070650,662000,408650,0,0,0,0,0,0,1374,11000,13000,-2000,6001,2627,3374,410024
1229,聯華,771829,371660,400169,0,0,0,0,10626,-10626,18205,15000,0,15000,34000,30795,3205,407748
1218,泰山,514000,114000,400000,0,0,0,0,0,0,7000,8000,1000,7000,0,0,0,407000
1308,亞聚,1011238,634000,377238,0,0,0,0,0,0,27862,38000,11000,27000,2000,1138,862,405100
3716,中化控股,626000,220000,406000,0,0,0,0,0,0,-1000,8000,9000,-1000,0,0,0,405000
1789,神隆,462147,78090,384057,0,0,0,0,0,0,8665,9000,0,9000,0,335,-335,392722
6278,台表科,1618140,1215000,403140,0,0,0,0,0,0,-19809,21000,32000,-11000,81950,90759,-8809,383331
6491,晶碩,582000,198171,383829,0,0,0,0,0,0,-600,9000,11000,-2000,3400,2000,1400,383229
1907,永豐餘,1271569,831113,440456,0,0,0,0,0,0,-58000,21000,79000,-58000,0,0,0,382456
2820,華票,703000,500000,203000,0,0,0,0,0,0,178000,243000,65000,178000,0,0,0,381000
9802,鈺齊-KY,743330,212000,531330,0,0,0,0,153000,-153000,1590,2000,410,1590,0,0,0,379920
2379,瑞昱,1892555,1679260,213295,0,0,0,188807,58000,130807,30309,26000,0,26000,16153,11844,4309,374411
2103,台橡,0,170000,-170000,0,0,0,0,0,0,543995,0,0,0,543995,0,543995,373995
3005,神基,1110840,715287,395553,0,0,0,1180,12000,-10820,-31052,18000,0,18000,18983,68035,-49052,353681
2838,聯邦銀,852920,470000,382920,0,0,0,0,0,0,-30608,12000,0,12000,44000,86608,-42608,352312
2520,冠德,775113,479000,296113,0,0,0,0,0,0,43930,33000,16000,17000,46431,19501,26930,340043
9935,慶豐富,390000,64000,326000,0,0,0,0,0,0,8000,8000,0,8000,0,0,0,334000
6901,鑽石投資,958090,634000,324090,0,0,0,0,0,0,3000,28000,25000,3000,0,0,0,327090
3034,聯詠,2618522,2247689,370833,0,0,0,44000,60000,-16000,-27995,8000,100,7900,58059,93954,-35895,326838
9914,美利達,873245,516000,357245,0,0,0,0,0,0,-30439,14000,40000,-26000,6476,10915,-4439,326806
1316,上曜,365000,141000,224000,0,0,0,0,0,0,96000,96000,0,96000,0,0,0,320000
3056,富華新,468820,153000,315820,0,0,0,0,0,0,1000,2000,0,2000,0,1000,-1000,316820
1304,台聚,1090488,737700,352788,0,0,0,0,0,0,-41668,41000,89000,-48000,13333,7001,6332,311120
3046,建碁,389060,80221,308839,0,0,0,0,0,0,900,1000,100,900,0,0,0,309739
2022,聚亨,372499,74000,298499,0,0,0,0,0,0,11000,38000,27000,11000,0,0,0,309499
1227,佳格,624020,357000,267020,0,0,0,0,0,0,38000,84000,46000,38000,0,0,0,305020
6805,富世達,1013263,1003929,9334,0,0,0,340000,0,340000,-49544,2000,8000,-6000,120307,163851,-43544,299790
1102,亞泥,2791607,2596585,195022,0,0,0,133000,12000,121000,-20937,21000,52000,-31000,46000,35937,10063,295085
6277,宏正,333000,41000,292000,0,0,0,0,0,0,-3000,9000,4000,5000,0,8000,-8000,289000
2539,櫻花建,503000,197000,306000,0,0,0,0,0,0,-24000,1000,25000,-24000,0,0,0,282000
2609,陽明,5437859,5269156,168703,0,0,0,55000,0,55000,53374,93000,49626,43374,18000,8000,10000,277077
8114,振樺電,559904,318050,241854,0,0,0,0,0,0,32199,1000,0,1000,33254,2055,31199,274053
2405,輔信,419565,146000,273565,0,0,0,0,0,0,0,0,0,0,0,0,0,273565
9103,美德醫療-DR,307000,37000,270000,0,0,0,0,0,0,455,0,0,0,455,0,455,270455
6426,統新,739000,480000,259000,0,0,0,0,0,0,9955,10000,0,10000,2956,3001,-45,268955
5388,中磊,1883426,1838040,45386,0,0,0,1467,0,1467,220341,298000,55000,243000,6784,29443,-22659,267194
8454,富邦媒,432000,197860,234140,0,0,0,0,0,0,32000,3000,1000,2000,30000,0,30000,266140
4771,望隼,281210,20286,260924,0,0,0,0,0,0,2903,2000,2001,-1,4162,1258,2904,263827
8016,矽創,1167233,912130,255103,0,0,0,421,14000,-13579,18070,26000,0,26000,19850,27780,-7930,259594
2905,三商,303000,47000,256000,0,0,0,0,0,0,3000,3000,0,3000,0,0,0,259000
3029,零壹,709329,448040,261289,0,0,0,1180,2000,-820,-1519,2000,0,2000,0,3519,-3519,258950
6605,帝寶,324000,63000,261000,0,0,0,0,0,0,-3233,3020,3000,20,0,3253,-3253,257767
8222,寶一,358000,104000,254000,0,0,0,0,0,0,1000,2000,1000,1000,0,0,0,255000
2461,光群雷,432590,180000,252590,0,0,0,0,0,0,-7000,0,7000,-7000,0,0,0,245590
2851,中再保,648020,431000,217020,0,0,0,0,0,0,28378,47000,42000,5000,23378,0,23378,245398
3017,奇鋐,1590498,1830458,-239960,0,0,0,578200,51000,527200,-43735,23000,25300,-2300,78612,120047,-41435,243505
2323,中環,1515258,1396958,118300,0,0,0,45000,0,45000,78000,83000,3000,80000,0,2000,-2000,241300
6592,和潤企業,321441,98544,222897,0,0,0,0,0,0,10020,14000,4000,10000,2020,2000,20,232917
1342,八貫,309262,82690,226572,0,0,0,0,0,0,6000,9000,3000,6000,0,0,0,232572
2020,美亞,311000,85000,226000,0,0,0,0,0,0,4000,4000,0,4000,0,0,0,230000
2852,第一保,249000,70000,179000,0,0,0,0,0,0,44000,80000,36000,44000,0,0,0,223000
2612,中航,273000,51000,222000,0,0,0,0,0,0,-1000,3000,4000,-1000,0,0,0,221000
6416,瑞祺電通,377000,157000,220000,0,0,0,0,0,0,-2415,1000,3415,-2415,0,0,0,217585
3003,健和興,315000,105000,210000,0,0,0,0,0,0,5286,4000,0,4000,2309,1023,1286,215286
6589,台康生技,287100,81000,206100,0,0,0,0,0,0,8000,8000,0,8000,0,0,0,214100
9910,豐泰,506157,353382,152775,0,0,0,58000,4000,54000,5489,12000,0,12000,5104,11615,-6511,212264
1442,名軒,233705,25002,208703,0,0,0,0,0,0,0,0,0,0,0,0,0,208703
1319,東陽,1994293,1722495,271798,0,0,0,0,80000,-80000,15578,21000,16000,5000,36765,26187,10578,207376
6165,浪凡,254000,49000,205000,0,0,0,0,0,0,0,6000,6000,0,0,0,0,205000
6753,龍德造船,404585,297200,107385,0,0,0,0,0,0,97221,8000,5000,3000,100554,6333,94221,204606
1219,福壽,251568,52000,199568,0,0,0,0,0,0,5000,7000,2000,5000,0,0,0,204568
1305,華夏,705000,479000,226000,0,0,0,0,0,0,-23238,7000,30238,-23238,0,0,0,202762
3715,定穎投控,2116342,1827000,289342,0,0,0,0,0,0,-87925,4000,10000,-6000,35140,117065,-81925,201417
2530,華建,299000,103000,196000,0,0,0,0,0,0,5000,5000,0,5000,0,0,0,201000
2206,三陽工業,311407,127122,184285,0,0,0,0,0,0,13000,20000,7000,13000,0,0,0,197285
8271,宇瞻,2901825,2571986,329839,0,0,0,0,0,0,-137941,3215,38000,-34785,22255,125411,-103156,191898
5521,工信,647000,466000,181000,0,0,0,0,0,0,6000,6000,0,6000,0,0,0,187000
4952,凌通,283050,99050,184000,0,0,0,0,0,0,2196,5000,3000,2000,196,0,196,186196
1532,勤美,221000,95000,126000,0,0,0,0,0,0,59000,75000,16000,59000,0,0,0,185000
2633,台灣高鐵,1455477,1615770,-160293,0,0,0,487000,0,487000,-142247,33000,247,32753,0,175000,-175000,184460
2480,敦陽科,229261,40000,189261,0,0,0,783,1000,-217,-5000,1000,6000,-5000,0,0,0,184044
2614,東森,235774,56000,179774,0,0,0,0,0,0,0,0,0,0,0,0,0,179774
9940,信義,218000,58124,159876,0,0,0,0,0,0,17000,36000,14000,22000,0,5000,-5000,176876
2387,精元,202028,34000,168028,0,0,0,2996,0,2996,2812,3000,188,2812,0,0,0,173836
2611,志信,254000,79000,175000,0,0,0,0,0,0,-2000,0,2000,-2000,0,0,0,173000
1723,中碳,273013,109272,163741,0,0,0,0,0,0,9195,14000,2000,12000,3198,6003,-2805,172936
3229,晟鈦,271000,103000,168000,0,0,0,0,0,0,3000,4000,1000,3000,0,0,0,171000
1795,美時,390432,237509,152923,0,0,0,0,0,0,17985,10000,0,10000,20891,12906,7985,170908
1762,中化生,264000,89000,175000,0,0,0,0,0,0,-4840,160,5000,-4840,0,0,0,170160
1104,環泥,243295,84000,159295,0,0,0,0,0,0,7932,8000,68,7932,0,0,0,167227
2007,燁興,200000,34000,166000,0,0,0,0,0,0,0,0,0,0,0,0,0,166000
6120,達運,537807,436000,101807,0,0,0,35000,0,35000,27525,47000,20000,27000,1583,1058,525,164332
3543,州巧,2025251,1859000,166251,0,0,0,0,0,0,-2147,1000,3147,-2147,0,0,0,164104
1436,華友聯,181081,29000,152081,0,0,0,0,0,0,11000,18000,7000,11000,0,0,0,163081
5288,豐祥-KY,172000,27000,145000,0,0,0,15000,0,15000,2497,11000,8000,3000,0,503,-503,162497
2360,致茂,1910977,1766277,144700,0,0,0,173000,3000,170000,-154927,14000,69800,-55800,32663,131790,-99127,159773
9933,中鼎,1318389,1054566,263823,0,0,0,0,0,0,-104467,14000,118467,-104467,0,0,0,159356
4766,南寶,239985,85000,154985,0,0,0,0,0,0,3443,2000,2000,0,3443,0,3443,158428
2023,燁輝,355449,206000,149449,0,0,0,0,0,0,7000,7000,0,7000,0,0,0,156449
2033,佳大,232000,76000,156000,0,0,0,0,0,0,0,0,0,0,0,0,0,156000
2072,世紀風電,291765,138000,153765,0,0,0,0,0,0,2000,8000,6000,2000,0,0,0,155765
2850,新產,208191,50000,158191,0,0,0,0,0,0,-4001,13000,17001,-4001,0,0,0,154190
2038,海光,227072,75041,152031,0,0,0,0,0,0,2000,3000,1000,2000,0,0,0,154031
2527,宏璟,611160,461000,150160,0,0,0,0,0,0,-74,7000,7000,0,927,1001,-74,150086
6472,保瑞,346092,221513,124579,0,0,0,0,0,0,25063,13300,8600,4700,24616,4253,20363,149642
2029,盛餘,196000,43000,153000,0,0,0,0,0,0,-4101,20000,24101,-4101,0,0,0,148899
4119,旭富,214309,62000,152309,0,0,0,0,0,0,-5000,4000,1000,3000,4000,12000,-8000,147309
2505,國揚,211160,72000,139160,0,0,0,0,0,0,7000,7000,0,7000,0,0,0,146160
2365,昆盈,710000,571000,139000,0,0,0,0,0,0,7000,0,0,0,7000,0,7000,146000
3617,碩天,251095,83131,167964,0,0,0,635,0,635,-23219,2000,0,2000,7085,32304,-25219,145380
1720,生達,152066,14130,137936,0,0,0,0,0,0,6000,6000,0,6000,0,0,0,143936
2474,可成,795283,798750,-3467,0,0,0,33567,2000,31567,115749,27000,0,27000,113629,24880,88749,143849
6525,捷敏-KY,1316000,1171712,144288,0,0,0,0,1000,-1000,-222,12000,9653,2347,2000,4569,-2569,143066
2388,威盛,1706483,1367322,339161,0,0,0,0,70000,-70000,-126919,145000,131000,14000,12000,152919,-140919,142242
6189,豐藝,255597,117000,138597,0,0,0,2228,2000,228,2447,3000,0,3000,504,1057,-553,141272
3712,永崴投控,238000,101000,137000,0,0,0,0,0,0,4000,4000,0,4000,0,0,0,141000
6863,永道-KY,167040,29000,138040,0,0,0,0,0,0,2000,2000,0,2000,0,0,0,140040
2465,麗臺,509064,370440,138624,0,0,0,0,0,0,1000,1000,0,1000,0,0,0,139624
7786,東方風能,170110,30000,140110,0,0,0,0,0,0,-1000,0,1000,-1000,0,0,0,139110
6670,復盛應用,254866,62000,192866,0,0,0,0,62000,-62000,8018,6000,0,6000,2018,0,2018,138884
2393,億光,720395,558000,162395,0,0,0,1804,1000,804,-28344,6000,4000,2000,8000,38344,-30344,134855
2015,豐興,182321,60000,122321,0,0,0,0,0,0,10000,13000,3000,10000,0,0,0,132321
1325,恆大,206500,78219,128281,0,0,0,0,0,0,0,0,0,0,0,0,0,128281
2753,八方雲集,172134,47000,125134,0,0,0,0,1000,-1000,2000,2000,0,2000,0,0,0,126134
6115,鎰勝,147000,46000,101000,0,0,0,0,0,0,25000,47000,22000,25000,0,0,0,126000
2025,千興,168993,50349,118644,0,0,0,0,0,0,7000,11000,4000,7000,0,0,0,125644
4585,達明,423241,301310,121931,0,0,0,0,0,0,2970,29,2000,-1971,16547,11606,4941,124901
8215,明基材,275323,155000,120323,0,0,0,0,0,0,1932,7000,5000,2000,86,154,-68,122255
6768,志強-KY,313199,84000,229199,0,0,0,0,107000,-107000,-521,0,0,0,0,521,-521,121678
9919,康那香,148009,30000,118009,0,0,0,0,0,0,1000,2000,1000,1000,0,0,0,119009
1307,三芳,220001,104000,116001,0,0,0,0,2000,-2000,4000,4000,0,4000,0,0,0,118001
2477,美隆電,148000,32000,116000,0,0,0,0,0,0,2000,4000,2000,2000,0,0,0,118000
1416,廣豐,296036,163000,133036,0,0,0,0,0,0,-18000,0,18000,-18000,0,0,0,115036
8011,台通,195000,80385,114615,0,0,0,0,0,0,0,0,0,0,0,0,0,114615
8070,長華*,1239207,1185044,54163,0,0,0,2097,2000,97,59486,28000,0,28000,42741,11255,31486,113746
6962,奕力-KY,406000,271000,135000,0,0,0,0,15000,-15000,-6606,0,0,0,0,6606,-6606,113394
2392,正崴,462250,394674,67576,0,0,0,0,0,0,45662,11000,5000,6000,39680,18,39662,113238
9924,福興,122000,13000,109000,0,0,0,0,0,0,3000,17000,14000,3000,0,0,0,112000
4106,雃博,158000,34000,124000,0,0,0,0,0,0,-12000,6000,18000,-12000,0,0,0,112000
1103,嘉泥,161849,54850,106999,0,0,0,0,0,0,5000,5000,0,5000,0,0,0,111999
4536,拓凱,197119,99000,98119,0,0,0,0,0,0,12000,21000,9000,12000,0,0,0,110119
6024,群益期,182400,74418,107982,0,0,0,0,0,0,0,0,0,0,0,0,0,107982
6235,華孚,233000,123000,110000,0,0,0,0,0,0,-2672,3000,0,3000,328,6000,-5672,107328
6531,愛普*,520058,493710,26348,0,0,0,28000,0,28000,52299,34000,20000,14000,81599,43300,38299,106647
2528,皇普,279000,132000,147000,0,0,0,0,0,0,-41000,0,41000,-41000,0,0,0,106000
4919,新唐,1928700,1709086,219614,0,0,0,0,44000,-44000,-71176,18782,6000,12782,69712,153670,-83958,104438
3592,瑞鼎,283321,169000,114321,0,0,0,0,12000,-12000,2011,1000,0,1000,2011,1000,1011,104332
5484,慧友,230000,143000,87000,0,0,0,0,0,0,16760,17760,1000,16760,0,0,0,103760
1108,幸福,121351,35000,86351,0,0,0,0,0,0,17000,17000,0,17000,0,0,0,103351
2636,台驊控股,121008,22000,99008,0,0,0,0,0,0,3000,3000,0,3000,0,0,0,102008
1527,鑽全,127100,26000,101100,0,0,0,0,0,0,0,0,0,0,0,0,0,101100
1598,岱宇,92100,38070,54030,0,0,0,0,0,0,47000,52000,5000,47000,0,0,0,101030
1236,宏亞,119000,19000,100000,0,0,0,0,0,0,0,0,0,0,0,0,0,100000
2032,新鋼,216808,105604,111204,0,0,0,0,0,0,-13000,0,13000,-13000,0,0,0,98204
3049,精金,410386,313303,97083,0,0,0,0,0,0,1000,4000,3000,1000,0,0,0,98083
6541,泰福-KY,107000,9000,98000,0,0,0,0,0,0,0,0,0,0,0,0,0,98000
5538,東明-KY,166000,70000,96000,0,0,0,0,0,0,0,35000,35000,0,0,0,0,96000
2545,皇翔,185000,90823,94177,0,0,0,0,0,0,-14,14000,14014,-14,0,0,0,94163
1517,利奇,193161,101050,92111,0,0,0,0,0,0,2000,2000,0,2000,0,0,0,94111
1590,亞德客-KY,735876,667736,68140,0,0,0,30000,0,30000,-5890,5000,3000,2000,5575,13465,-7890,92250
3376,新日興,450050,319366,130684,0,0,0,0,0,0,-38633,36000,10000,26000,11259,75892,-64633,92051
1702,南僑,113652,34170,79482,0,0,0,0,0,0,12000,17000,5000,12000,0,0,0,91482
5534,長虹,157210,70010,87200,0,0,0,0,0,0,4256,18000,16000,2000,3168,912,2256,91456
7610,聯友金屬-創,140260,49000,91260,0,0,0,0,0,0,-327,0,327,-327,0,0,0,90933
5284,jpp-KY,169537,71030,98507,0,0,0,0,0,0,-7921,1000,0,1000,9094,18015,-8921,90586
7827,漢康-KY創,188000,93000,95000,0,0,0,0,0,0,-5445,0,3000,-3000,28494,30939,-2445,89555
1708,東鹼,689000,604040,84960,0,0,0,0,0,0,3555,8000,0,8000,7100,11545,-4445,88515
9911,櫻花,127000,29000,98000,0,0,0,0,0,0,-10000,3000,13000,-10000,0,0,0,88000
2607,榮運,201000,118000,83000,0,0,0,0,0,0,4000,9000,5000,4000,0,0,0,87000
1455,集盛,333204,256000,77204,0,0,0,0,0,0,9178,30000,21000,9000,302,124,178,86382
7821,神數,85000,13000,72000,0,0,0,0,0,0,12000,15000,3000,12000,0,0,0,84000
2017,官田鋼,132000,60029,71971,0,0,0,0,0,0,12000,12000,0,12000,0,0,0,83971
6598,ABC-KY,144000,63000,81000,0,0,0,0,0,0,2000,2000,0,2000,0,0,0,83000
1732,毛寶,136247,45000,91247,0,0,0,0,0,0,-11000,0,11000,-11000,0,0,0,80247
1446,宏和,103000,31000,72000,0,0,0,0,0,0,6000,27000,21000,6000,0,0,0,78000
5515,建國,238253,183060,55193,0,0,0,0,0,0,22000,32000,7000,25000,0,3000,-3000,77193
2707,晶華,105190,39000,66190,0,0,0,0,0,0,11000,18000,7000,11000,0,0,0,77190
6216,居易,93000,19000,74000,0,0,0,0,0,0,688,2000,1312,688,0,0,0,74688
2597,潤弘,111071,41134,69937,0,0,0,0,0,0,3629,5000,1119,3881,0,252,-252,73566
4540,全球傳動,2241016,2175000,66016,0,0,0,0,0,0,6405,24974,18569,6405,0,0,0,72421
4722,國精化,632183,535090,97093,0,0,0,0,0,0,-24884,9000,17158,-8158,15703,32429,-16726,72209
1707,葡萄王,135690,60510,75180,0,0,0,0,0,0,-3000,5000,4000,1000,0,4000,-4000,72180
2102,泰豐,102020,31000,71020,0,0,0,0,0,0,0,0,0,0,0,0,0,71020
1712,興農,308634,245000,63634,0,0,0,0,0,0,7000,22000,15000,7000,0,0,0,70634
5519,隆大,94000,28000,66000,0,0,0,0,0,0,4000,4000,0,4000,0,0,0,70000
9946,三發地產,93000,23001,69999,0,0,0,0,0,0,0,0,0,0,0,0,0,69999
1309,台達化,528164,447507,80657,0,0,0,0,0,0,-10996,5000,0,5000,2737,18733,-15996,69661
3622,洋華,116120,55000,61120,0,0,0,2169,0,2169,5433,7000,2000,5000,8503,8070,433,68722
1110,東泥,79000,14000,65000,0,0,0,0,0,0,3000,3000,0,3000,0,0,0,68000
2534,宏盛,122000,29000,93000,0,0,0,0,0,0,-25000,5000,30000,-25000,0,0,0,68000
1337,再生-KY,98130,30149,67981,0,0,0,0,0,0,0,0,0,0,0,0,0,67981
4770,上品,117000,51000,66000,0,0,0,0,0,0,1831,2000,0,2000,1000,1169,-169,67831
3027,盛達,94000,29000,65000,0,0,0,0,0,0,2000,2000,0,2000,0,0,0,67000
1460,宏遠,115348,48548,66800,0,0,0,0,0,0,0,0,0,0,0,0,0,66800
3058,立德,103000,40000,63000,0,0,0,0,0,0,2000,2000,0,2000,0,0,0,65000
020031,統一IC設計臺灣N,0,0,0,0,0,0,0,0,0,65000,0,0,0,71000,6000,65000,65000
3532,台勝科,138297,58760,79537,0,0,0,0,0,0,-15059,5941,18000,-12059,0,3000,-3000,64478
2849,安泰銀,120000,58000,62000,0,0,0,0,0,0,2000,2000,0,2000,0,0,0,64000
2390,云辰,74327,62000,12327,0,0,0,0,0,0,51000,51000,0,51000,0,0,0,63327
8105,凌巨,653000,584000,69000,0,0,0,0,0,0,-6000,18000,24000,-6000,0,0,0,63000
1340,勝悅-KY,78000,15000,63000,0,0,0,0,0,0,0,0,0,0,0,0,0,63000
4739,康普,978000,953012,24988,0,0,0,0,0,0,36909,21000,0,21000,41134,25225,15909,61897
2364,倫飛,135043,74041,61002,0,0,0,0,0,0,0,0,0,0,0,0,0,61002
2832,台產,69000,19000,50000,0,0,0,0,0,0,11000,19000,8000,11000,0,0,0,61000
2013,中鋼構,92000,31000,61000,0,0,0,0,0,0,0,17000,17000,0,5000,5000,0,61000
2028,威致,79000,20000,59000,0,0,0,0,0,0,2000,8000,6000,2000,0,0,0,61000
5533,皇鼎,117000,44000,73000,0,0,0,0,0,0,-12000,12000,24000,-12000,0,0,0,61000
1414,東和,143140,63000,80140,0,0,0,0,0,0,-20000,2000,22000,-20000,0,0,0,60140
8341,日友,101000,50000,51000,0,0,0,0,0,0,8737,16000,7208,8792,300,355,-55,59737
1466,聚隆,81323,22006,59317,0,0,0,0,0,0,0,0,0,0,0,0,0,59317
4306,炎洲,111000,151000,-40000,0,0,0,0,0,0,99000,99000,0,99000,0,0,0,59000
2816,旺旺保,59000,36000,23000,0,0,0,0,0,0,36000,43000,7000,36000,0,0,0,59000
4552,力達-KY,61000,18000,43000,0,0,0,0,0,0,15000,25000,10000,15000,0,0,0,58000
5706,鳳凰,84000,33000,51000,0,0,0,0,0,0,7000,17000,10000,7000,0,0,0,58000
6923,中台,82000,24000,58000,0,0,0,0,0,0,-20,0,20,-20,0,0,0,57980
6625,必應,69000,12000,57000,0,0,0,0,0,0,546,546,0,546,0,0,0,57546
2723,美食-KY,108000,54000,54000,0,0,0,0,0,0,2850,3000,150,2850,0,0,0,56850
6890,來億-KY,111616,58944,52672,0,0,0,0,0,0,4086,4000,1000,3000,3491,2405,1086,56758
1760,寶齡富錦,63000,7000,56000,0,0,0,0,0,0,0,0,0,0,0,0,0,56000
2430,燦坤,72000,17000,55000,0,0,0,0,0,0,1000,16000,15000,1000,0,0,0,56000
3062,建漢,505000,451000,54000,0,0,0,0,0,0,1242,4000,0,4000,3086,5844,-2758,55242
9917,中保科,166320,108295,58025,0,0,0,0,3000,-3000,0,5000,5000,0,0,0,0,55025
8462,柏文,91172,38362,52810,0,0,0,0,0,0,2000,4000,2000,2000,0,0,0,54810
5607,遠雄港,94044,44000,50044,0,0,0,0,0,0,4000,15000,11000,4000,0,0,0,54044
7740,熙特爾-創,104100,53000,51100,0,0,0,0,0,0,2745,2000,0,2000,19099,18354,745,53845
4590,富田-創,126000,64000,62000,0,0,0,0,0,0,-8486,2000,10000,-8000,21060,21546,-486,53514
6689,伊雲谷,90000,55000,35000,0,0,0,0,0,0,18000,30000,12000,18000,0,0,0,53000
6438,迅得,110105,57000,53105,0,0,0,0,0,0,-639,0,0,0,0,639,-639,52466
6108,競國,293221,237021,56200,0,0,0,0,0,0,-4000,2000,6000,-4000,0,0,0,52200
7722,LINEPAY,89658,60855,28803,0,0,0,0,0,0,22727,21528,0,21528,1199,0,1199,51530
5222,全訊,101000,31000,70000,0,0,0,0,20000,-20000,943,1000,0,1000,1000,1057,-57,50943
6414,樺漢,1041026,934150,106876,0,0,0,6000,19000,-13000,-43233,37000,76485,-39485,21842,25590,-3748,50643
5306,桂盟,83000,30000,53000,0,0,0,0,0,0,-3000,0,3000,-3000,0,0,0,50000
2459,敦吉,74000,40000,34000,0,0,0,0,0,0,16000,35000,19000,16000,0,0,0,50000
9955,佳龍,154001,107000,47001,0,0,0,0,0,0,0,0,0,0,0,0,0,47001
2616,山隆,89000,43000,46000,0,0,0,0,0,0,576,1000,424,576,0,0,0,46576
3004,豐達科,238000,190537,47463,0,0,0,0,0,0,-1078,1000,1249,-249,7000,7829,-829,46385
3653,健策,663761,678566,-14805,0,0,0,60000,1000,59000,1182,21100,26600,-5500,78269,71587,6682,45377
3050,鈺德,95000,52000,43000,0,0,0,0,0,0,2000,2000,0,2000,0,0,0,45000
4736,泰博,55090,10304,44786,0,0,0,0,0,0,0,0,0,0,0,0,0,44786
5471,松翰,536214,493352,42862,0,0,0,0,0,0,1204,2000,1020,980,2000,1776,224,44066
8213,志超,69000,68160,840,0,0,0,0,0,0,42647,56000,13000,43000,0,353,-353,43487
6869,雲豹能源,182000,156020,25980,0,0,0,0,0,0,17348,6000,3375,2625,15730,1007,14723,43328
4155,訊映,110000,66000,44000,0,0,0,0,0,0,-1000,31000,32000,-1000,0,0,0,43000
1604,聲寶,110000,30000,80000,0,0,0,0,0,0,-37000,7000,44000,-37000,0,0,0,43000
1232,大統益,122931,82097,40834,0,0,0,0,0,0,1000,5000,4000,1000,0,0,0,41834
3041,揚智,149610,108000,41610,0,0,0,0,0,0,0,0,0,0,0,0,0,41610
3518,柏騰,180000,151000,29000,0,0,0,0,0,0,12380,20380,8000,12380,0,0,0,41380
9927,泰銘,40497,2000,38497,0,0,0,0,0,0,2000,2000,0,2000,0,0,0,40497
8249,菱光,139425,101000,38425,0,0,0,0,0,0,2000,2000,0,2000,0,0,0,40425
1903,士紙,65318,25000,40318,0,0,0,0,0,0,-118,0,118,-118,0,0,0,40200
2247,汎德永業,52000,12000,40000,0,0,0,0,0,0,0,0,0,0,0,0,0,40000
1558,伸興,58000,16000,42000,0,0,0,0,0,0,-2000,15000,17000,-2000,0,0,0,40000
6117,迎廣,102000,71000,31000,0,0,0,0,0,0,9000,16000,6000,10000,0,1000,-1000,40000
6142,友勁,110000,72000,38000,0,0,0,0,0,0,2000,2000,0,2000,0,0,0,40000
1451,年興,52000,13000,39000,0,0,0,0,0,0,0,0,0,0,0,0,0,39000
1457,宜進,44000,38000,6000,0,0,0,0,0,0,33000,33000,0,33000,0,0,0,39000
3588,通嘉,121204,83244,37960,0,0,0,0,0,0,160,1000,1000,0,160,0,160,38120
1225,福懋油,108000,61905,46095,0,0,0,0,0,0,-8000,1000,9000,-8000,0,0,0,38095
2453,凌群,62000,36000,26000,0,0,0,0,0,0,12000,15000,3000,12000,0,0,0,38000
1609,大亞,2982125,2855780,126345,0,0,0,0,0,0,-88399,23000,32000,-9000,90786,170185,-79399,37946
2440,太空梭,79000,47078,31922,0,0,0,0,0,0,6000,16000,10000,6000,0,0,0,37922
4164,承業醫,194050,161000,33050,0,0,0,0,0,0,4785,6000,1215,4785,0,0,0,37835
1603,華電,60017,23000,37017,0,0,0,0,0,0,0,0,0,0,0,0,0,37017
3051,力特,176000,146000,30000,0,0,0,0,0,0,7000,19000,12000,7000,0,0,0,37000
8463,潤泰材,36000,3000,33000,0,0,0,0,0,0,3000,6000,3000,3000,0,0,0,36000
6582,申豐,47000,20000,27000,0,0,0,0,0,0,9000,19000,10000,9000,0,0,0,36000
2906,高林,40000,2000,38000,0,0,0,0,0,0,-2000,3000,5000,-2000,0,0,0,36000
3167,大量,113000,47328,65672,0,0,0,0,0,0,-30324,1106,5430,-4324,0,26000,-26000,35348
2514,龍邦,49000,17000,32000,0,0,0,0,0,0,2851,5000,2149,2851,0,0,0,34851
3094,聯傑,245226,212176,33050,0,0,0,0,0,0,1000,1000,0,1000,0,0,0,34050
1805,寶徠,37000,3000,34000,0,0,0,0,0,0,0,0,0,0,0,0,0,34000
2419,仲琦,161000,120000,41000,0,0,0,0,0,0,-7000,4000,0,4000,1,11001,-11000,34000
4137,麗豐-KY,68000,44000,24000,0,0,0,0,0,0,10000,16000,6000,10000,0,0,0,34000
7765,中華資安,46000,27000,19000,0,0,0,0,0,0,14000,15000,1000,14000,0,0,0,33000
5469,瀚宇博,1119000,1107000,12000,0,0,0,0,0,0,21000,7000,0,7000,25000,11000,14000,33000
2887E,台新新光戊特一,33000,0,33000,0,0,0,0,0,0,0,0,0,0,0,0,0,33000
2488,漢平,34000,14000,20000,0,0,0,0,0,0,13000,18000,5000,13000,0,0,0,33000
6776,展碁國際,90000,47000,43000,0,0,0,0,0,0,-10150,13000,23150,-10150,0,0,0,32850
9934,成霖,403492,371000,32492,0,0,0,0,0,0,0,0,0,0,0,0,0,32492
1109,信大,44000,15000,29000,0,0,0,0,0,0,3000,3000,0,3000,0,0,0,32000
6558,興能高,134000,102000,32000,0,0,0,0,0,0,0,0,0,0,0,0,0,32000
1733,五鼎,64000,33065,30935,0,0,0,0,0,0,1000,9000,8000,1000,0,0,0,31935
3443,創意,711202,692180,19022,0,0,0,32000,2000,30000,-17094,26100,49000,-22900,76204,70398,5806,31928
912000,晨訊科-DR,31000,0,31000,0,0,0,0,0,0,0,0,0,0,0,0,0,31000
01007T,兆豐國泰R2,31000,0,31000,0,0,0,0,0,0,0,0,0,0,0,0,0,31000
6885,全福生技,65090,16000,49090,0,0,0,0,0,0,-19000,0,19000,-19000,0,0,0,30090
4582,聚恆-創,43000,16000,27000,0,0,0,0,0,0,2935,1000,0,1000,11007,9072,1935,29935
1734,杏輝,65925,36685,29240,0,0,0,0,0,0,0,0,0,0,0,0,0,29240
020039,元大加權N,0,0,0,0,0,0,0,0,0,29000,0,0,0,29000,0,29000,29000
1452,宏益,36004,14000,22004,0,0,0,0,0,0,6000,19000,13000,6000,0,0,0,28004
3669,圓展,118000,90000,28000,0,0,0,0,0,0,0,10000,10000,0,0,0,0,28000
2423,固緯,47000,21000,26000,0,0,0,0,0,0,1000,2000,1000,1000,0,0,0,27000
1752,南光,22000,2000,20000,0,0,0,0,0,0,7000,7000,0,7000,0,0,0,27000
6283,淳安,34000,10000,24000,0,0,0,0,0,0,1000,1000,0,1000,0,0,0,25000
3607,谷崧,89000,63000,26000,0,0,0,0,0,0,-1000,4000,5000,-1000,0,0,0,25000
5269,祥碩,211206,177390,33816,0,0,0,1000,10000,-9000,-170,3000,0,3000,11197,14367,-3170,24646
6933,AMAX-KY,119000,94000,25000,0,0,0,0,0,0,-751,1000,8,992,346,2089,-1743,24249
2613,中櫃,49000,25000,24000,0,0,0,0,0,0,0,0,0,0,0,0,0,24000
2887H,台新新光庚特二,24000,0,24000,0,0,0,0,0,0,0,0,0,0,0,0,0,24000
6550,北極星藥業-KY,184000,160000,24000,0,0,0,0,0,0,0,0,0,0,0,0,0,24000
3437,榮創,80000,57000,23000,0,0,0,0,0,0,1000,1000,0,1000,0,0,0,24000
2471,資通,38042,15000,23042,0,0,0,0,0,0,0,0,0,0,0,0,0,23042
1539,巨庭,24000,19000,5000,0,0,0,0,0,0,18000,22000,4000,18000,0,0,0,23000
4560,強信-KY,199000,182000,17000,0,0,0,0,0,0,6000,17000,11000,6000,0,0,0,23000
4104,佳醫,64056,42000,22056,0,0,0,0,0,0,0,13000,13000,0,0,0,0,22056
9906,欣巴巴,26000,7000,19000,0,0,0,0,0,0,3000,4000,1000,3000,0,0,0,22000
1786,科妍,76000,56000,20000,0,0,0,0,0,0,1465,2000,143,1857,60,452,-392,21465
5531,鄉林,121000,100000,21000,0,0,0,0,0,0,0,0,0,0,0,0,0,21000
2929,淘帝-KY,18000,4000,14000,0,0,0,0,0,0,7000,9000,2000,7000,0,0,0,21000
3708,上緯投控,185000,173000,12000,0,0,0,0,0,0,8837,2000,0,2000,8302,1465,6837,20837
7822,倍利科,31000,16446,14554,0,0,0,0,0,0,5957,0,43,-43,6000,0,6000,20511
2705,六福,16001,6000,10001,0,0,0,0,0,0,10000,10000,0,10000,0,0,0,20001
2516,新建,24000,5000,19000,0,0,0,0,0,0,0,0,0,0,0,0,0,19000
4737,華廣,21000,2000,19000,0,0,0,0,0,0,0,0,0,0,0,0,0,19000
6657,華安,41000,22000,19000,0,0,0,0,0,0,0,0,0,0,0,0,0,19000
4571,鈞興-KY,345171,317000,28171,0,0,0,0,0,0,-9926,0,6017,-6017,12615,16524,-3909,18245
1587,吉茂,39000,21000,18000,0,0,0,0,0,0,-8,7,15,-8,0,0,0,17992
6799,來頡,190000,174000,16000,0,0,0,0,0,0,1760,3000,1240,1760,0,0,0,17760
1432,大魯閣,18022,1000,17022,0,0,0,0,0,0,0,0,0,0,0,0,0,17022
5525,順天,37000,21000,16000,0,0,0,0,0,0,1000,1000,0,1000,0,0,0,17000
020038,元大ESG配息N,0,0,0,0,0,0,0,0,0,17000,0,0,0,17000,0,17000,17000
9943,好樂迪,18000,21000,-3000,0,0,0,0,0,0,20000,24000,4000,20000,0,0,0,17000
8499,鼎炫-KY,23000,6000,17000,0,0,0,0,0,0,-130,0,0,0,0,130,-130,16870
6756,威鋒電子,103000,87544,15456,0,0,0,0,0,0,1075,3075,2000,1075,0,0,0,16531
6931,青松健康,18000,3000,15000,0,0,0,0,0,0,1000,1000,0,1000,0,0,0,16000
2524,京城,36000,20000,16000,0,0,0,0,0,0,0,0,0,0,0,0,0,16000
1231,聯華食,188000,177000,11000,0,0,0,0,0,0,5000,5000,0,5000,0,0,0,16000
8488,吉源-KY,142000,127000,15000,0,0,0,0,0,0,0,0,0,0,0,0,0,15000
1323,永裕,5000,2000,3000,0,0,0,0,0,0,12000,12000,0,12000,0,0,0,15000
2506,太設,25000,10000,15000,0,0,0,0,0,0,0,0,0,0,0,0,0,15000
5258,虹堡,146000,134000,12000,0,0,0,0,0,0,3000,3000,0,3000,0,0,0,15000
1321,大洋,25000,12000,13000,0,0,0,0,0,0,2000,2000,0,2000,0,0,0,15000
1434,福懋,669956,705767,-35811,0,0,0,0,0,0,50000,50000,0,50000,0,0,0,14189
2702,華園,14000,10000,4000,0,0,0,0,0,0,10000,11000,1000,10000,0,0,0,14000
3346,麗清,134000,120000,14000,0,0,0,0,0,0,0,0,0,0,0,0,0,14000
6614,資拓宏宇,26000,16000,10000,0,0,0,0,0,0,4000,9000,5000,4000,0,0,0,14000
6921,嘉雨思-創,19000,8000,11000,0,0,0,0,0,0,3000,0,0,0,9000,6000,3000,14000
1339,昭輝,23000,8000,15000,0,0,0,0,0,0,-1980,9020,11000,-1980,0,0,0,13020
1776,展宇,27000,14000,13000,0,0,0,0,0,0,0,9000,9000,0,0,0,0,13000
2739,寒舍,37000,24000,13000,0,0,0,0,0,0,0,0,0,0,0,0,0,13000
6192,巨路,53000,47000,6000,0,0,0,0,0,0,6715,9000,2000,7000,100,385,-285,12715
1465,偉全,19000,7000,12000,0,0,0,0,0,0,0,5000,5000,0,0,0,0,12000
1435,中福,12000,0,12000,0,0,0,0,0,0,0,0,0,0,0,0,0,12000
6952,大武山,15000,3000,12000,0,0,0,0,0,0,0,0,0,0,0,0,0,12000
2250,IKKA-KY,25000,14000,11000,0,0,0,0,0,0,0,0,0,0,0,0,0,11000
3311,閎暉,43000,32000,11000,0,0,0,0,0,0,0,5000,5000,0,0,0,0,11000
4148,全宇生技-KY,14000,3000,11000,0,0,0,0,0,0,0,0,0,0,0,0,0,11000
6835,圓裕,17000,6000,11000,0,0,0,0,0,0,0,0,0,0,0,0,0,11000
6792,詠業,29000,16000,13000,0,0,0,0,0,0,-2000,2000,4000,-2000,0,0,0,11000
1256,鮮活果汁-KY,20000,11002,8998,0,0,0,0,0,0,2000,3000,1000,2000,0,0,0,10998
1459,聯發,29000,1037,27963,0,0,0,0,0,0,-17000,0,17000,-17000,0,0,0,10963
2207,和泰車,194420,196313,-1893,0,0,0,6000,2000,4000,8131,9000,3,8997,1000,1866,-866,10238
1217,愛之味,98000,95000,3000,0,0,0,0,0,0,7000,7000,0,7000,0,0,0,10000
4133,亞諾法,37000,27000,10000,0,0,0,0,0,0,0,0,0,0,0,0,0,10000
4426,利勤,19000,8000,11000,0,0,0,0,0,0,-1000,0,1000,-1000,0,0,0,10000
6928,攸泰科技,34000,24000,10000,0,0,0,0,0,0,0,0,0,0,0,0,0,10000
6526,達發,200206,217997,-17791,0,0,0,37000,10000,27000,780,2200,500,1700,3072,3992,-920,9989
3059,華晶科,452000,437000,15000,0,0,0,0,0,0,-5241,0,0,0,2025,7266,-5241,9759
8411,福貞-KY,27000,9000,18000,0,0,0,0,0,0,-9000,14000,23000,-9000,0,0,0,9000
7721,微程式,24000,15000,9000,0,0,0,0,0,0,0,2000,2000,0,0,0,0,9000
3705,永信,57000,48000,9000,0,0,0,0,0,0,0,3000,3000,0,0,0,0,9000
4807,日成-KY,66000,68000,-2000,0,0,0,0,0,0,11000,11000,0,11000,0,0,0,9000
3494,誠研,20000,2000,18000,0,0,0,0,0,0,-10000,0,10000,-10000,0,0,0,8000
2910,統領,14000,7000,7000,0,0,0,0,0,0,1000,1000,0,1000,0,0,0,8000
6184,大豐電,13000,5000,8000,0,0,0,0,0,0,0,0,0,0,0,0,0,8000
6606,建德工業,11000,23000,-12000,0,0,0,0,0,0,20000,20000,0,20000,0,0,0,8000
2239,英利-KY,19000,12000,7000,0,0,0,0,0,0,555,8000,7445,555,0,0,0,7555
1906,寶隆,11000,14000,-3000,0,0,0,0,0,0,10000,10000,0,10000,0,0,0,7000
6128,上福,17000,6000,11000,0,0,0,0,0,0,-4000,2000,6000,-4000,0,0,0,7000
4572,駐龍,7000,5000,2000,0,0,0,0,0,0,5000,5000,0,5000,0,0,0,7000
3266,昇陽,8000,2000,6000,0,0,0,0,0,0,1000,1000,0,1000,0,0,0,7000
2634,漢翔,3616549,3645694,-29145,0,0,0,0,2000,-2000,37970,123000,62838,60162,30028,52220,-22192,6825
3557,嘉威,7000,15000,-8000,0,0,0,0,0,0,14000,18000,4000,14000,0,0,0,6000
3686,達能,24000,17000,7000,0,0,0,0,0,0,-1000,0,1000,-1000,0,0,0,6000
2228,劍麟,94000,88000,6000,0,0,0,0,0,0,0,0,0,0,0,0,0,6000
3356,奇偶,84000,90000,-6000,0,0,0,0,0,0,11722,24000,12278,11722,0,0,0,5722
9902,台火,7000,4000,3000,0,0,0,0,0,0,2000,2000,0,2000,0,0,0,5000
020034,元大IC設計N,0,0,0,0,0,0,0,0,0,5000,0,0,0,6000,1000,5000,5000
2433,互盛電,11000,3000,8000,0,0,0,0,0,0,-3000,1000,4000,-3000,0,0,0,5000
8072,陞泰,25000,20000,5000,0,0,0,0,0,0,0,0,0,0,0,0,0,5000
2748,雲品,37000,34000,3000,0,0,0,0,0,0,2000,2000,0,2000,0,0,0,5000
3164,景岳,9000,4000,5000,0,0,0,0,0,0,0,0,0,0,0,0,0,5000
2911,麗嬰房,42000,37000,5000,0,0,0,0,0,0,0,26000,26000,0,0,0,0,5000
2891B,中信金乙特,0,0,0,0,0,0,0,0,0,5000,5000,0,5000,0,0,0,5000
4557,永新-KY,25000,29000,-4000,0,0,0,0,0,0,9000,15000,6000,9000,0,0,0,5000
2114,鑫永銓,6000,7000,-1000,0,0,0,0,0,0,6000,8000,2000,6000,0,0,0,5000
1473,台南,11000,6000,5000,0,0,0,0,0,0,0,1000,1000,0,0,0,0,5000
6581,鋼聯,5000,1000,4000,0,0,0,0,0,0,1000,3000,2000,1000,0,0,0,5000
020030,統一智慧電動車N,0,0,0,0,0,0,0,0,0,5000,0,0,0,5000,0,5000,5000
6230,尼得科超眾,20000,16000,4000,0,0,0,0,0,0,888,1000,112,888,0,0,0,4888
7799,禾榮科,55100,52000,3100,0,0,0,0,0,0,1000,2000,1000,1000,0,0,0,4100
7835,永悅健康-創,10000,6000,4000,0,0,0,0,0,0,0,0,0,0,0,0,0,4000
6957,裕慶-KY,15000,11000,4000,0,0,0,0,0,0,0,0,0,0,0,0,0,4000
6790,永豐實,31000,27000,4000,0,0,0,0,0,0,0,0,0,0,0,0,0,4000
1453,大將,5000,1000,4000,0,0,0,0,0,0,0,0,0,0,0,0,0,4000
1475,業旺,6000,2000,4000,0,0,0,0,0,0,0,0,0,0,0,0,0,4000
1438,三地開發,11000,7000,4000,0,0,0,0,0,0,0,0,0,0,0,0,0,4000
1806,冠軍,17000,13000,4000,0,0,0,0,0,0,0,2000,2000,0,0,0,0,4000
4588,玖鼎電力,13000,14000,-1000,0,0,0,0,0,0,5000,6000,1000,5000,0,0,0,4000
9942,茂順,25000,17000,8000,0,0,0,0,0,0,-5000,1000,6000,-5000,0,0,0,3000
8940,新天地,2000,1000,1000,0,0,0,0,0,0,2000,2000,0,2000,0,0,0,3000
9905,大華,14000,11000,3000,0,0,0,0,0,0,0,0,0,0,0,0,0,3000
6918,愛派司,2000,2000,0,0,0,0,0,0,0,3000,3000,0,3000,0,0,0,3000
2701,萬企,2000,8000,-6000,0,0,0,0,0,0,9000,9000,0,9000,0,0,0,3000
7791,皇家可口,5000,2000,3000,0,0,0,0,0,0,0,0,0,0,0,0,0,3000
2444,兆勁,25000,22000,3000,0,0,0,0,0,0,0,0,0,0,0,0,0,3000
2008,高興昌,6000,3000,3000,0,0,0,0,0,0,0,0,0,0,0,0,0,3000
1439,雋揚,5000,1000,4000,0,0,0,0,0,0,-1000,1000,2000,-1000,0,0,0,3000
6666,羅麗芬-KY,7000,4000,3000,0,0,0,0,0,0,0,2000,2000,0,0,0,0,3000
3043,科風,7000,5000,2000,0,0,0,0,0,0,1000,2000,1000,1000,0,0,0,3000
2891C,中信金丙特,0,0,0,0,0,0,0,0,0,3000,3000,0,3000,0,0,0,3000
9929,秋雨,3000,2000,1000,0,0,0,0,0,0,2000,2000,0,2000,0,0,0,3000
3530,晶相光,76000,74009,1991,0,0,0,0,0,0,982,1000,18,982,0,0,0,2973
6695,芯鼎,93250,90550,2700,0,0,0,0,0,0,-126,0,0,0,2000,2126,-126,2574
3060,銘異,278630,277022,1608,0,0,0,0,0,0,913,2000,1000,1000,29,116,-87,2521
6994,富威電力,291000,287000,4000,0,0,0,0,0,0,-1869,0,2000,-2000,131,0,131,2131
9912,偉聯,4000,2000,2000,0,0,0,0,0,0,0,0,0,0,0,0,0,2000
8467,波力-KY,2000,0,2000,0,0,0,0,0,0,0,0,0,0,0,0,0,2000
6183,關貿,8000,16000,-8000,0,0,0,0,0,0,10000,13000,3000,10000,0,0,0,2000
1817,凱撒衛,5000,3000,2000,0,0,0,0,0,0,0,0,0,0,0,0,0,2000
1512,瑞利,10000,8000,2000,0,0,0,0,0,0,0,0,0,0,0,0,0,2000
1521,大億,3000,1000,2000,0,0,0,0,0,0,0,0,0,0,0,0,0,2000
3593,力銘,2000,0,2000,0,0,0,0,0,0,0,0,0,0,0,0,0,2000
4439,冠星-KY,7000,7000,0,0,0,0,0,0,0,2000,2000,0,2000,0,0,0,2000
2887G,台新新光庚特一,2000,0,2000,0,0,0,0,0,0,0,0,0,0,0,0,0,2000
7823,奧義賽博-KY創,1000,2000,-1000,0,0,0,0,0,0,2783,0,0,0,9000,6217,2783,1783
4999,鑫禾,19000,17000,2000,0,0,0,0,0,0,-623,1000,1623,-623,0,0,0,1377
4994,傳奇,3000,2000,1000,0,0,0,0,0,0,0,0,0,0,0,0,0,1000
4935,茂林-KY,10000,11000,-1000,0,0,0,0,0,0,2000,2000,0,2000,0,0,0,1000
4169,泰宗,3000,2000,1000,0,0,0,0,0,0,0,0,0,0,0,0,0,1000
1525,江申,1000,0,1000,0,0,0,0,0,0,0,0,0,0,0,0,0,1000
1540,喬福,85000,92000,-7000,0,0,0,0,0,0,8000,40000,32000,8000,0,0,0,1000
1541,錩泰,3000,2000,1000,0,0,0,0,0,0,0,0,0,0,0,0,0,1000
1726,永記,3000,6000,-3000,0,0,0,0,0,0,4000,4000,0,4000,0,0,0,1000
6655,科定,1000,0,1000,0,0,0,0,0,0,0,0,0,0,0,0,0,1000
020028,元大特選電動車N,0,0,0,0,0,0,0,0,0,1000,0,0,0,1000,0,1000,1000
6936,永鴻生技,3000,0,3000,0,0,0,0,0,0,-2000,1000,3000,-2000,0,0,0,1000
6914,阜爾運通,10000,6000,4000,0,0,0,0,0,0,-3000,0,3000,-3000,0,0,0,1000
6838,台新藥,18000,17000,1000,0,0,0,0,0,0,0,0,0,0,0,0,0,1000
2509,全坤建,6000,5000,1000,0,0,0,0,0,0,0,0,0,0,0,0,0,1000
6958,日盛台駿,3000,4000,-1000,0,0,0,0,0,0,2000,2000,0,2000,0,0,0,1000
2380,虹光,1000,0,1000,0,0,0,0,0,0,0,0,0,0,0,0,0,1000
5283,禾聯碩,6000,5000,1000,0,0,0,0,0,0,0,0,0,0,0,0,0,1000
2881C,富邦金丙特,1000,0,1000,0,0,0,0,0,0,0,0,0,0,0,0,0,1000
8487,愛爾達-創,4000,4000,0,0,0,0,0,0,0,781,0,0,0,1000,219,781,781
8438,昶昕,157309,158273,-964,0,0,0,0,0,0,1215,3000,1000,2000,0,785,-785,251
4581,光隆精密-KY,20,0,20,0,0,0,0,0,0,0,0,0,0,0,0,0,20
8482,商億-KY,1000,1000,0,0,0,0,0,0,0,0,0,0,0,0,0,0,0
910861,神州-DR,3000,3000,0,0,0,0,0,0,0,0,0,0,0,0,0,0,0
9944,新麗,2000,10000,-8000,0,0,0,0,0,0,8000,8000,0,8000,0,0,0,0
9926,新海,1000,1000,0,0,0,0,0,0,0,0,0,0,0,0,0,0,0
9928,中視,0,0,0,0,0,0,0,0,0,0,1000,1000,0,0,0,0,0
2722,夏都,3000,6000,-3000,0,0,0,0,0,0,3000,3000,0,3000,0,0,0,0
2881B,富邦金乙特,0,0,0,0,0,0,0,0,0,0,1000,1000,0,0,0,0,0
8367,建新國際,8000,8000,0,0,0,0,0,0,0,0,3000,3000,0,0,0,0,0
4190,佐登-KY,1000,1000,0,0,0,0,0,0,0,0,0,0,0,0,0,0,0
2904,匯僑,1000,1000,0,0,0,0,0,0,0,0,0,0,0,0,0,0,0
3168,眾福科,1000,1000,0,0,0,0,0,0,0,0,0,0,0,0,0,0,0
3296,勝德,6000,7000,-1000,0,0,0,0,0,0,1000,1000,0,1000,0,0,0,0
1454,台富,1000,1000,0,0,0,0,0,0,0,0,0,0,0,0,0,0,0
1445,大宇,10000,4000,6000,0,0,0,0,0,0,-6000,0,6000,-6000,0,0,0,0
6504,南六,8000,9000,-1000,0,0,0,0,0,0,1000,1000,0,1000,0,0,0,0
5907,大洋-KY,21000,21000,0,0,0,0,0,0,0,0,0,0,0,0,0,0,0
1474,弘裕,5000,5000,0,0,0,0,0,0,0,0,0,0,0,0,0,0,0
2248,華勝-KY,5000,5000,0,0,0,0,0,0,0,0,0,0,0,0,0,0,0
1418,東華,1000,1000,0,0,0,0,0,0,0,0,0,0,0,0,0,0,0
1730,花仙子,0,5000,-5000,0,0,0,0,0,0,5000,5000,0,5000,0,0,0,0
1614,三洋電,7000,8000,-1000,0,0,0,0,0,0,1000,6000,5000,1000,0,0,0,0
6988,威力暘-創,0,0,0,0,0,0,0,0,0,-1,0,0,0,0,1,-1,-1
2227,裕日車,1000,1025,-25,0,0,0,0,0,0,0,0,0,0,0,0,0,-25
3679,新至陞,3000,4070,-1070,0,0,0,0,0,0,1000,2000,1000,1000,0,0,0,-70
1463,強盛新,1000,2000,-1000,0,0,0,0,0,0,0,0,0,0,0,0,0,-1000
1315,達新,0,1000,-1000,0,0,0,0,0,0,0,0,0,0,0,0,0,-1000
1413,宏洲,0,2000,-2000,0,0,0,0,0,0,1000,1000,0,1000,0,0,0,-1000
1470,大統新創,0,1000,-1000,0,0,0,0,0,0,0,0,0,0,0,0,0,-1000
6771,平和環保-創,1000,4000,-3000,0,0,0,0,0,0,2000,3000,1000,2000,0,0,0,-1000
1341,富林-KY,0,1000,-1000,0,0,0,0,0,0,0,0,0,0,0,0,0,-1000
7631,聚賢研發-創,1000,4000,-3000,0,0,0,0,0,0,2000,0,0,0,3000,1000,2000,-1000
6807,峰源-KY,1000,2000,-1000,0,0,0,0,0,0,0,0,0,0,0,0,0,-1000
4930,燦星網,2000,3000,-1000,0,0,0,0,0,0,0,0,0,0,0,0,0,-1000
3432,台端,1000,2000,-1000,0,0,0,0,0,0,0,0,0,0,0,0,0,-1000
4108,懷特,9000,9000,0,0,0,0,0,0,0,-1000,0,1000,-1000,0,0,0,-1000
1233,天仁,3000,5000,-2000,0,0,0,0,0,0,1000,1000,0,1000,0,0,0,-1000
1203,味王,9000,12000,-3000,0,0,0,0,0,0,2000,3000,1000,2000,0,0,0,-1000
1235,興泰,0,1000,-1000,0,0,0,0,0,0,0,0,0,0,0,0,0,-1000
1783,和康生,2000,6000,-4000,0,0,0,0,0,0,3000,3000,0,3000,0,0,0,-1000
2012,春雨,13000,17000,-4000,0,0,0,0,0,0,3000,13000,10000,3000,2000,2000,0,-1000
2024,志聯,0,1000,-1000,0,0,0,0,0,0,0,0,0,0,0,0,0,-1000
1725,元禎,2000,3000,-1000,0,0,0,0,0,0,0,0,0,0,0,0,0,-1000
6671,三能-KY,0,6000,-6000,0,0,0,0,0,0,5000,5000,0,5000,0,0,0,-1000
6641,基士德-KY,1000,2000,-1000,0,0,0,0,0,0,0,0,0,0,0,0,0,-1000
1468,昶和,0,1000,-1000,0,0,0,0,0,0,0,2000,2000,0,0,0,0,-1000
1441,大東,0,1000,-1000,0,0,0,0,0,0,0,0,0,0,0,0,0,-1000
6965,中傑-KY,2000,2000,0,0,0,0,0,0,0,-1000,0,1000,-1000,0,0,0,-1000
6934,心誠鎂,7000,8000,-1000,0,0,0,0,0,0,0,0,0,0,0,0,0,-1000
7760,享溫馨,1000,2000,-1000,0,0,0,0,0,0,0,0,0,0,0,0,0,-1000
2881A,富邦特,0,1000,-1000,0,0,0,0,0,0,0,0,0,0,0,0,0,-1000
2762,世界健身-KY,3000,4000,-1000,0,0,0,0,0,0,0,0,0,0,0,0,0,-1000
6916,華凌,2000,5000,-3000,0,0,0,0,0,0,2000,2000,0,2000,0,0,0,-1000
2923,鼎固-KY,68000,61049,6951,0,0,0,0,0,0,-8000,0,8000,-8000,0,0,0,-1049
3308,聯德,5000,5000,0,0,0,0,0,0,0,-1107,0,1107,-1107,0,0,0,-1107
6908,宏碁遊戲-創,1000,2000,-1000,0,0,0,0,0,0,-300,0,0,0,1000,1300,-300,-1300
2069,運錩,242513,211229,31284,0,0,0,0,0,0,-33000,0,33000,-33000,0,0,0,-1716
2482,連宇,32020,33000,-980,0,0,0,0,0,0,-812,1000,1812,-812,0,0,0,-1792
6924,榮惠-KY創,3000,10000,-7000,0,0,0,0,0,0,5065,0,2000,-2000,8065,1000,7065,-1935
6534,正瀚-創,65000,67000,-2000,0,0,0,0,0,0,2,1000,1000,0,2,0,2,-1998
6674,鋐寶科技,1000,3000,-2000,0,0,0,0,0,0,0,0,0,0,0,0,0,-2000
6754,匯僑設計,2000,3000,-1000,0,0,0,0,0,0,-1000,0,1000,-1000,0,0,0,-2000
1583,程泰,2000,4000,-2000,0,0,0,0,0,0,0,0,0,0,0,0,0,-2000
2945,三商家購,1000,3000,-2000,0,0,0,0,0,0,0,0,0,0,0,0,0,-2000
3501,維熹,15000,17000,-2000,0,0,0,0,0,0,0,0,0,0,0,0,0,-2000
4440,宜新實業,1000,3000,-2000,0,0,0,0,0,0,0,0,0,0,0,0,0,-2000
6969,成信實業*-創,4000,6000,-2000,0,0,0,0,0,0,0,0,0,0,0,0,0,-2000
7732,金興精密,2000,3000,-1000,0,0,0,0,0,0,-1000,0,1000,-1000,0,0,0,-2000
7736,虎山,1000,2000,-1000,0,0,0,0,0,0,-1000,0,1000,-1000,0,0,0,-2000
2373,震旦行,2000,6000,-4000,0,0,0,0,0,0,2000,0,0,0,2000,0,2000,-2000
911608,明輝-DR,0,2000,-2000,0,0,0,0,0,0,0,0,0,0,0,0,0,-2000
910322,康師傅-DR,0,2000,-2000,0,0,0,0,0,0,0,0,0,0,0,0,0,-2000
8466,美吉吉-KY,2000,4000,-2000,0,0,0,0,0,0,0,0,0,0,0,0,0,-2000
1623,大東電,14000,16000,-2000,0,0,0,0,0,0,0,0,0,0,0,0,0,-2000
6591,動力-KY,46000,49000,-3000,0,0,0,0,0,0,661,1000,339,661,0,0,0,-2339
1471,首利,39000,41000,-2000,0,0,0,0,0,0,-1000,0,1000,-1000,0,0,0,-3000
6136,富爾特,13000,18000,-5000,0,0,0,0,0,0,2000,2000,0,2000,0,0,0,-3000
2939,永邑-KY,1000,3000,-2000,0,0,0,0,0,0,-1000,0,1000,-1000,0,0,0,-3000
1324,地球,1000,4000,-3000,0,0,0,0,0,0,0,0,0,0,0,0,0,-3000
2496,卓越,3000,6000,-3000,0,0,0,0,0,0,0,0,0,0,0,0,0,-3000
8201,無敵,2000,5000,-3000,0,0,0,0,0,0,0,0,0,0,0,0,0,-3000
4569,六方科-KY,9000,12000,-3000,0,0,0,0,0,0,-143,0,143,-143,0,0,0,-3143
6205,詮欣,104090,122000,-17910,0,0,0,0,0,0,14020,20000,6000,14000,20,0,20,-3890
2349,錸德,363068,368000,-4932,0,0,0,0,0,0,1000,1000,0,1000,0,0,0,-3932
3018,隆銘綠能,1000,5000,-4000,0,0,0,0,0,0,0,0,0,0,0,0,0,-4000
6951,青新-創,0,4000,-4000,0,0,0,0,0,0,0,0,0,0,0,0,0,-4000
2460,建通,94000,98000,-4000,0,0,0,0,0,0,0,0,0,0,0,0,0,-4000
6201,亞弘電,1000,11000,-10000,0,0,0,0,0,0,6000,7000,1000,6000,0,0,0,-4000
4545,銘鈺,32000,36000,-4000,0,0,0,0,0,0,0,0,0,0,0,0,0,-4000
5007,三星,5000,6000,-1000,0,0,0,0,0,0,-3000,0,3000,-3000,0,0,0,-4000
9918,欣天然,1000,5000,-4000,0,0,0,0,0,0,0,0,0,0,0,0,0,-4000
6152,百一,0,7000,-7000,0,0,0,0,0,0,2997,2997,0,2997,0,0,0,-4003
2493,揚博,1205089,1240000,-34911,0,0,0,5000,0,5000,25895,1000,0,1000,56765,31870,24895,-4016
1735,日勝化,34742,71000,-36258,0,0,0,0,0,0,32104,50000,18000,32000,5000,4896,104,-4154
1615,大山,27570,31000,-3430,0,0,0,0,0,0,-1000,11000,12000,-1000,0,0,0,-4430
3031,佰鴻,171346,178000,-6654,0,0,0,0,0,0,2000,7000,5000,2000,0,0,0,-4654
3545,敦泰,138000,141000,-3000,0,0,0,0,5000,-5000,3343,3000,0,3000,1000,657,343,-4657
8442,威宏-KY,1000,6000,-5000,0,0,0,0,0,0,0,0,0,0,0,0,0,-5000
6796,晉弘,2000,7000,-5000,0,0,0,0,0,0,0,0,0,0,0,0,0,-5000
2642,宅配通,1000,6000,-5000,0,0,0,0,0,0,0,0,0,0,0,0,0,-5000
2431,聯昌,39000,45000,-6000,0,0,0,0,0,0,982,1000,18,982,0,0,0,-5018
6887,寶綠特-KY,3000,7000,-4000,0,0,0,0,0,0,-2000,0,2000,-2000,0,0,0,-6000
5546,永固-KY,6000,12000,-6000,0,0,0,0,0,0,0,0,0,0,0,0,0,-6000
1535,中宇,23000,31000,-8000,0,0,0,0,0,0,1000,14000,13000,1000,0,0,0,-7000
1530,亞崴,3000,10000,-7000,0,0,0,0,0,0,0,0,0,0,0,0,0,-7000
4942,嘉彰,24000,43000,-19000,0,0,0,0,0,0,12000,33000,21000,12000,0,0,0,-7000
1220,台榮,3000,10000,-7000,0,0,0,0,0,0,0,0,0,0,0,0,0,-7000
1338,廣華-KY,4000,11000,-7000,0,0,0,0,0,0,0,2000,2000,0,0,0,0,-7000
3021,鴻名,47000,59000,-12000,0,0,0,0,0,0,5000,6000,1000,5000,0,0,0,-7000
2538,基泰,85000,93000,-8000,0,0,0,0,0,0,1000,9000,8000,1000,0,0,0,-7000
3138,耀登,86000,91675,-5675,0,0,0,0,0,0,-1363,0,0,0,4500,5863,-1363,-7038
3150,鈺寶-創,8000,9000,-1000,0,0,0,0,0,0,-6054,2000,2000,0,9000,15054,-6054,-7054
3092,鴻碩,25000,33000,-8000,0,0,0,0,0,0,900,1000,0,1000,0,100,-100,-7100
9931,欣高,1000,8000,-7000,0,0,0,0,0,0,-177,0,177,-177,0,0,0,-7177
1626,艾美特-KY,9000,17000,-8000,0,0,0,0,0,0,0,5000,5000,0,0,0,0,-8000
6281,全國電,6000,12000,-6000,0,0,0,0,0,0,-2000,6000,8000,-2000,0,0,0,-8000
1472,三洋實業,7000,11000,-4000,0,0,0,0,0,0,-4000,6000,10000,-4000,0,0,0,-8000
1456,怡華,2000,10000,-8000,0,0,0,0,0,0,0,1000,1000,0,0,0,0,-8000
6861,睿生光電,114039,122000,-7961,0,0,0,0,0,0,-451,0,0,0,3209,3660,-451,-8412
8045,達運光電,20000,30000,-10000,0,0,0,0,0,0,1455,2000,241,1759,0,304,-304,-8545
6862,三集瑞-KY,30000,36000,-6000,0,0,0,0,0,0,-2656,0,0,0,0,2656,-2656,-8656
6902,GOGOLOOK,9000,18000,-9000,0,0,0,0,0,0,0,0,0,0,0,0,0,-9000
7705,三商餐飲,2000,11000,-9000,0,0,0,0,0,0,0,0,0,0,0,0,0,-9000
2450,神腦,38000,44000,-6000,0,0,0,0,0,0,-3000,4000,7000,-3000,0,0,0,-9000
6722,輝創,0,9000,-9000,0,0,0,0,0,0,0,0,0,0,0,0,0,-9000
1410,南染,1000,10000,-9000,0,0,0,0,0,0,0,0,0,0,0,0,0,-9000
2462,良得電,40000,50000,-10000,0,0,0,0,0,0,16,0,0,0,2000,1984,16,-9984
2314,台揚,0,10000,-10000,0,0,0,0,0,0,0,0,0,0,0,0,0,-10000
7768,頌勝科技,12000,22000,-10000,0,0,0,0,0,0,0,0,0,0,0,0,0,-10000
2882B,國泰金乙特,0,0,0,0,0,0,0,0,0,-10000,0,10000,-10000,0,0,0,-10000
9937,全國,2000,2000,0,0,0,0,0,0,0,-10000,2000,12000,-10000,0,0,0,-10000
8429,金麗-KY,13000,9000,4000,0,0,0,0,0,0,-14000,0,14000,-14000,0,0,0,-10000
1234,黑松,29000,39000,-10000,0,0,0,0,0,0,0,11000,11000,0,5000,5000,0,-10000
1506,正道,17000,28000,-11000,0,0,0,0,0,0,1000,1000,0,1000,0,0,0,-10000
6573,虹揚-KY,53000,87060,-34060,0,0,0,0,0,0,24000,26000,2000,24000,0,0,0,-10060
1467,南緯,153028,147015,6013,0,0,0,0,0,0,-17000,0,17000,-17000,0,0,0,-10987
6742,澤米,78000,90000,-12000,0,0,0,0,0,0,1000,1000,0,1000,0,0,0,-11000
1533,車王電,27000,35000,-8000,0,0,0,0,0,0,-3000,1000,4000,-3000,0,0,0,-11000
1201,味全,89000,97000,-8000,0,0,0,0,0,0,-3000,12000,15000,-3000,0,0,0,-11000
3419,譁裕,57000,68000,-11000,0,0,0,0,0,0,0,0,0,0,0,0,0,-11000
2704,國賓,25000,36000,-11000,0,0,0,0,0,0,0,0,0,0,0,0,0,-11000
2432,倚天酷碁-創,3000,17000,-14000,0,0,0,0,0,0,3000,1000,0,1000,3000,1000,2000,-11000
2608,嘉里大榮,88170,106000,-17830,0,0,0,0,0,0,6000,41000,35000,6000,0,0,0,-11830
2706,第一店,4000,16000,-12000,0,0,0,0,0,0,0,6000,6000,0,0,0,0,-12000
2438,翔耀,3000,14000,-11000,0,0,0,0,0,0,-1000,0,1000,-1000,0,0,0,-12000
7818,溢泰實業,8000,19180,-11180,0,0,0,0,0,0,-1000,5000,6000,-1000,0,0,0,-12180
1516,川飛,8000,21000,-13000,0,0,0,0,0,0,0,0,0,0,0,0,0,-13000
6794,向榮生技,4000,14000,-10000,0,0,0,0,0,0,-3000,0,3000,-3000,0,0,0,-13000
6552,易華電,51000,62000,-11000,0,0,0,0,0,0,-2000,12000,14000,-2000,0,0,0,-13000
1417,嘉裕,1000,15000,-14000,0,0,0,0,0,0,0,0,0,0,0,0,0,-14000
6698,旭暉應材,43000,57023,-14023,0,0,0,0,0,0,0,0,0,0,0,0,0,-14023
7730,暉盛-創,8000,22000,-14000,0,0,0,0,0,0,-30,0,0,0,5000,5030,-30,-14030
6834,天二科技,470721,485150,-14429,0,0,0,0,0,0,0,0,0,0,0,0,0,-14429
3047,訊舟,126000,141000,-15000,0,0,0,0,0,0,204,7000,6796,204,0,0,0,-14796
3054,立萬利,12000,23000,-11000,0,0,0,0,0,0,-4000,0,4000,-4000,0,0,0,-15000
1419,新紡,13000,38000,-25000,0,0,0,0,0,0,10000,14000,4000,10000,0,0,0,-15000
4414,如興,62000,77000,-15000,0,0,0,0,0,0,0,22000,22000,0,0,0,0,-15000
6854,錼創科技-KY創,92000,99000,-7000,0,0,0,0,0,0,-8259,0,5000,-5000,13203,16462,-3259,-15259
2062,橋椿,31647,72000,-40353,0,0,0,0,0,0,24999,43000,18001,24999,0,0,0,-15354
1537,廣隆,18373,27000,-8627,0,0,0,0,0,0,-7003,4000,11003,-7003,0,0,0,-15630
2115,六暉-KY,18000,28000,-10000,0,0,0,0,0,0,-6000,4000,10000,-6000,0,0,0,-16000
6224,聚鼎,98000,116000,-18000,0,0,0,0,0,0,2000,6000,4000,2000,0,0,0,-16000
2468,華經,38000,64000,-26000,0,0,0,0,0,0,10000,10000,0,10000,0,0,0,-16000
8478,東哥遊艇,76000,93000,-17000,0,0,0,0,0,0,1000,2000,1000,1000,0,0,0,-16000
020000,富邦特選蘋果N,0,0,0,0,0,0,0,0,0,-16000,0,0,0,1000,17000,-16000,-16000
1531,高林股,3000,19000,-16000,0,0,0,0,0,0,0,0,0,0,0,0,0,-16000
6409,旭隼,397779,410243,-12464,0,0,0,137,2000,-1863,-2224,1000,0,1000,14153,17377,-3224,-16551
6949,沛爾生醫-創,95000,112000,-17000,0,0,0,0,0,0,237,0,1000,-1000,33020,31783,1237,-16763
7803,雲象科技-創,2000,22000,-20000,0,0,0,0,0,0,3000,2000,1000,1000,3000,1000,2000,-17000
5203,訊連,27000,44000,-17000,0,0,0,0,0,0,0,0,0,0,0,0,0,-17000
6906,現觀科,11000,29000,-18000,0,0,0,0,0,0,955,1000,45,955,0,0,0,-17045
2375,凱美,768010,744400,23610,0,0,0,0,0,0,-41267,1000,1000,0,25299,66566,-41267,-17657
7750,新代,165966,183000,-17034,0,0,0,0,0,0,-629,4000,40,3960,96,4685,-4589,-17663
6464,台數科,0,19000,-19000,0,0,0,0,0,0,1000,1000,0,1000,0,0,0,-18000
2231,為升,126159,168100,-41941,0,0,0,0,0,0,23215,25000,3000,22000,13395,12180,1215,-18726
7749,意騰-KY,26000,35000,-9000,0,0,0,0,10000,-10000,0,0,0,0,0,0,0,-19000
2109,華豐,0,17000,-17000,0,0,0,0,0,0,-3000,2000,5000,-3000,0,0,0,-20000
6431,光麗-KY,2000,22000,-20000,0,0,0,0,0,0,0,0,0,0,0,0,0,-20000
3040,遠見,20000,40000,-20000,0,0,0,0,0,0,0,0,0,0,0,0,0,-20000
3130,一零四,16000,32000,-16000,0,0,0,0,0,0,-4000,0,4000,-4000,0,0,0,-20000
2415,錩新,63000,83000,-20000,0,0,0,0,0,0,0,0,0,0,0,0,0,-20000
3052,夆典,9000,30000,-21000,0,0,0,0,0,0,0,0,0,0,0,0,0,-21000
1437,勤益控,23868,44000,-20132,0,0,0,0,0,0,-1000,1000,2000,-1000,0,0,0,-21132
5234,達興材料,76641,95000,-18359,0,0,0,0,0,0,-2789,5000,3000,2000,3150,7939,-4789,-21148
1731,美吾華,94786,126009,-31223,0,0,0,0,0,0,10000,16000,6000,10000,0,0,0,-21223
1464,得力,86291,118072,-31781,0,0,0,0,0,0,10000,10000,0,10000,0,0,0,-21781
5244,弘凱,49000,71000,-22000,0,0,0,0,0,0,0,0,0,0,0,0,0,-22000
3038,全台,53000,77000,-24000,0,0,0,0,0,0,2000,3000,1000,2000,0,0,0,-22000
4755,三福化,43000,74000,-31000,0,0,0,10000,0,10000,-2000,2000,4000,-2000,0,0,0,-23000
5225,東科-KY,83000,106000,-23000,0,0,0,0,0,0,-605,1000,742,258,0,863,-863,-23605
1515,力山,45000,99000,-54000,0,0,0,0,0,0,29000,1000,5000,-4000,37000,4000,33000,-25000
9908,大台北,1000,28097,-27097,0,0,0,0,0,0,1946,2000,54,1946,0,0,0,-25151
2406,國碩,721150,751000,-29850,0,0,0,0,0,0,4084,5000,0,5000,142,1058,-916,-25766
5292,華懋,25100,57000,-31900,0,0,0,0,0,0,5995,0,0,0,6000,5,5995,-25905
6909,創控,58000,84000,-26000,0,0,0,0,0,0,0,0,0,0,0,0,0,-26000
8404,百和興業-KY,80000,107025,-27025,0,0,0,0,0,0,1000,6000,5000,1000,0,0,0,-26025
4949,有成精密,66000,99000,-33000,0,0,0,0,0,0,5000,5000,0,5000,0,0,0,-28000
4195,基米-創,1000,34000,-33000,0,0,0,0,0,0,5000,0,0,0,5000,0,5000,-28000
2908,特力,17000,46000,-29000,0,0,0,0,0,0,0,0,0,0,0,0,0,-29000
7689,大鵬科CLMX,6000,35000,-29000,0,0,0,0,0,0,0,0,0,0,0,0,0,-29000
6272,驊陞,21000,43000,-22000,0,0,0,0,0,0,-7000,1000,8000,-7000,0,0,0,-29000
3661,世芯-KY,797083,837106,-40023,0,0,0,2000,15000,-13000,22776,10100,4000,6100,79944,63268,16676,-30247
3002,歐格,26000,56000,-30000,0,0,0,0,0,0,-325,1000,1000,0,1010,1335,-325,-30325
7769,鴻勁,273595,265126,8469,0,0,0,30000,70000,-40000,371,3060,1000,2060,13990,15679,-1689,-31160
2236,百達-KY,57100,90000,-32900,0,0,0,0,0,0,0,0,0,0,0,0,0,-32900
1529,樂事綠能,126000,159379,-33379,0,0,0,0,0,0,0,0,0,0,0,0,0,-33379
4178,永笙-KY,29000,62000,-33000,0,0,0,0,0,0,-2000,1000,3000,-2000,0,0,0,-35000
6133,金橋,88000,124000,-36000,0,0,0,0,0,0,0,0,0,0,0,0,0,-36000
1736,喬山,321688,356045,-34357,0,0,0,0,0,0,-2891,3000,5891,-2891,0,0,0,-37248
4583,台灣精銳,47000,84000,-37000,0,0,0,0,0,0,-499,1000,0,1000,0,1499,-1499,-37499
4912,聯德控股-KY,91000,132000,-41000,0,0,0,0,0,0,3000,5000,2000,3000,0,0,0,-38000
4441,振大環球,15000,53000,-38000,0,0,0,0,0,0,0,0,0,0,0,0,0,-38000
8039,台虹,283000,385000,-102000,0,0,0,0,0,0,63907,0,37000,-37000,122003,21096,100907,-38093
2107,厚生,31308,43027,-11719,0,0,0,0,0,0,-27000,8000,35000,-27000,0,0,0,-38719
2404,漢唐,596150,579435,16715,0,0,0,1000,3000,-2000,-53801,7000,10100,-3100,26117,76818,-50701,-39086
8162,微矽電子-創,36115,79000,-42885,0,0,0,0,0,0,3351,0,0,0,7000,3649,3351,-39534
6515,穎崴,200263,214972,-14709,0,0,0,7000,35000,-28000,3116,19211,15721,3490,126,500,-374,-39593
3057,喬鼎,6000,46000,-40000,0,0,0,0,0,0,0,0,0,0,0,0,0,-40000
3645,達邁,244200,305129,-60929,0,0,0,0,0,0,20749,13000,6000,7000,40449,26700,13749,-40180
5215,科嘉-KY,3000,43000,-40000,0,0,0,0,0,0,-1000,1000,2000,-1000,0,0,0,-41000
4438,廣越,3000,45000,-42000,0,0,0,0,0,0,870,3000,2130,870,0,0,0,-41130
8163,達方,493040,546000,-52960,0,0,0,0,0,0,11546,33000,12000,21000,1000,10454,-9454,-41414
8464,億豐,399380,521959,-122579,0,0,0,80000,3000,77000,3441,4000,0,4000,1,560,-559,-42138
2429,銘旺科,86000,129000,-43000,0,0,0,0,0,0,0,0,0,0,0,0,0,-43000
3447,展達,39000,81000,-42000,0,0,0,0,0,0,-1000,1000,2000,-1000,0,0,0,-43000
2402,毅嘉,374000,398000,-24000,0,0,0,0,0,0,-19633,12000,16000,-4000,14000,29633,-15633,-43633
6155,鈞寶,434000,478000,-44000,0,0,0,0,0,0,-31,0,0,0,0,31,-31,-44031
1616,億泰,122030,166300,-44270,0,0,0,0,0,0,-475,1000,1475,-475,0,0,0,-44745
1809,中釉,286000,331000,-45000,0,0,0,0,0,0,211,0,0,0,9000,8789,211,-44789
2258,鴻華先進-創,102000,151000,-49000,0,0,0,0,0,0,3944,1000,0,1000,7000,4056,2944,-45056
7780,大研生醫*,191000,236000,-45000,0,0,0,0,0,0,-103,0,0,0,0,103,-103,-45103
1449,佳和,66525,125000,-58475,0,0,0,0,0,0,11839,16000,4000,12000,1552,1713,-161,-46636
6196,帆宣,798159,388000,410159,0,0,0,0,458000,-458000,885,3000,0,3000,21291,23406,-2115,-46956
2630,亞航,341010,333000,8010,0,0,0,0,0,0,-55015,0,0,0,1273,56288,-55015,-47005
6669,緯穎,532282,670448,-138166,0,0,0,272000,180000,92000,-1962,21100,16100,5000,27774,34736,-6962,-48128
5236,凌陽創新,39000,65000,-26000,0,0,0,0,20000,-20000,-2326,5000,4000,1000,0,3326,-3326,-48326
6412,群電,242435,302000,-59565,0,0,0,11401,0,11401,-381,4000,0,4000,12010,16391,-4381,-48545
3024,憶聲,364000,413102,-49102,0,0,0,0,0,0,0,16000,16000,0,0,0,0,-49102
2383,台光電,743477,782754,-39277,0,0,0,10000,19000,-9000,-1404,7000,19000,-12000,36072,25476,10596,-49681
4960,誠美材,584017,637000,-52983,0,0,0,0,0,0,2112,11000,8888,2112,0,0,0,-50871
3533,嘉澤,584641,633320,-48679,0,0,0,18000,1000,17000,-21012,5100,3000,2100,23180,46292,-23112,-52691
9136,巨騰-DR,14000,68000,-54000,0,0,0,0,0,0,1,0,0,0,1,0,1,-53999
6706,惠特,414980,465000,-50020,0,0,0,0,0,0,-5471,1000,0,1000,1766,8237,-6471,-55491
1737,臺鹽,38000,97000,-59000,0,0,0,0,0,0,1000,1000,0,1000,0,0,0,-58000
6477,安集,202000,261336,-59336,0,0,0,0,0,0,929,4000,3071,929,0,0,0,-58407
3257,虹冠電,77000,138110,-61110,0,0,0,0,0,0,1000,1000,0,1000,0,0,0,-60110
6719,力智,226901,271539,-44638,0,0,0,0,10000,-10000,-6229,4000,3000,1000,7973,15202,-7229,-60867
4532,瑞智,267000,360000,-93000,0,0,0,0,1000,-1000,32000,43000,11000,32000,0,0,0,-62000
3019,亞光,858020,821206,36814,0,0,0,0,0,0,-99419,3327,81948,-78621,11000,31798,-20798,-62605
1618,合機,116691,180254,-63563,0,0,0,0,0,0,383,0,0,0,1000,617,383,-63180
1611,中電,71000,140867,-69867,0,0,0,0,0,0,5000,5000,0,5000,0,0,0,-64867
3714,富采,2848630,3330464,-481834,0,0,0,0,0,0,414865,466000,51000,415000,13997,14132,-135,-66969
1440,南紡,503541,500009,3532,0,0,0,0,0,0,-71481,16000,87000,-71000,529,1010,-481,-67949
5608,四維航,352572,421000,-68428,0,0,0,0,0,0,0,10000,10000,0,0,0,0,-68428
6947,台鎔科技,65000,135100,-70100,0,0,0,0,0,0,0,0,0,0,0,0,0,-70100
2454,聯發科,3143641,3071993,71648,0,0,0,51000,179000,-128000,-16329,105000,151600,-46600,152804,122533,30271,-72681
2059,川湖,4000,46651,-42651,0,0,0,0,68000,-68000,36977,0,2000,-2000,38997,20,38977,-73674
6743,安普新,106000,182000,-76000,0,0,0,0,0,0,0,2000,2000,0,0,0,0,-76000
3652,精聯,560000,635000,-75000,0,0,0,0,0,0,-1000,0,1000,-1000,0,0,0,-76000
2420,新巨,106110,213000,-106890,0,0,0,8000,0,8000,22834,43000,20000,23000,0,166,-166,-76056
2434,統懋,123000,199000,-76000,0,0,0,0,0,0,-1000,2000,3000,-1000,0,0,0,-77000
1568,倉佑,39000,116090,-77090,0,0,0,0,0,0,-1613,3000,4000,-1000,1000,1613,-613,-78703
2243,宏旭-KY,149010,229547,-80537,0,0,0,0,0,0,1000,1000,0,1000,0,0,0,-79537
2302,麗正,853132,931080,-77948,0,0,0,0,0,0,-1726,0,0,0,403,2129,-1726,-79674
3528,安馳,59000,139000,-80000,0,0,0,0,0,0,-273,0,273,-273,0,0,0,-80273
4968,立積,163000,203725,-40725,0,0,0,0,20000,-20000,-19661,1000,0,1000,0,20661,-20661,-80386
2511,太子,220000,312200,-92200,0,0,0,0,0,0,11000,17000,6000,11000,0,0,0,-81200
1617,榮星,233546,332254,-98708,0,0,0,0,0,0,14949,17000,2051,14949,0,0,0,-83759
4720,德淵,101000,185000,-84000,0,0,0,0,0,0,69,0,0,0,1000,931,69,-83931
2369,菱生,2294065,2325041,-30976,0,0,0,0,0,0,-55881,11000,6000,5000,42,60923,-60881,-86857
3055,蔚華科,59000,147000,-88000,0,0,0,0,0,0,-1000,0,0,0,5000,6000,-1000,-89000
8374,羅昇,216280,311000,-94720,0,0,0,0,0,0,3100,1000,0,1000,3600,1500,2100,-91620
5285,界霖,169316,263000,-93684,0,0,0,0,0,0,598,3000,1000,2000,19,1421,-1402,-93086
2233,宇隆,363119,476149,-113030,0,0,0,0,0,0,19212,18000,0,18000,27035,25823,1212,-93818
2414,精技,211000,313000,-102000,0,0,0,0,0,0,6000,29000,23000,6000,0,0,0,-96000
3550,聯穎,1194000,1298946,-104946,0,0,0,0,0,0,8337,15213,6876,8337,0,0,0,-96609
8033,雷虎,116783,146867,-30084,0,0,0,0,0,0,-68000,2000,2000,0,0,68000,-68000,-98084
4564,元翎,155333,257000,-101667,0,0,0,0,0,0,3186,3000,0,3000,1000,814,186,-98481
1444,力麗,242689,394746,-152057,0,0,0,0,0,0,52000,52000,0,52000,0,0,0,-100057
1215,卜蜂,231607,335764,-104157,0,0,0,0,0,0,4000,5000,1000,4000,0,0,0,-100157
8104,錸寶,64000,168000,-104000,0,0,0,0,0,0,0,0,0,0,0,0,0,-104000
6206,飛捷,711729,840239,-128510,0,0,0,977,1000,-23,24387,5000,9000,-4000,78093,49706,28387,-104146
1528,恩德,168000,272000,-104000,0,0,0,0,0,0,-406,0,0,0,1000,1406,-406,-104406
1713,國化,24000,129283,-105283,0,0,0,0,0,0,0,0,0,0,0,0,0,-105283
2645,長榮航太,446522,404381,42141,0,0,0,6000,151000,-145000,-2652,4000,0,4000,6000,12652,-6652,-105511
6579,研揚,270000,358294,-88294,0,0,0,0,0,0,-17692,9000,26583,-17583,1,110,-109,-105986
3025,星通,85000,191000,-106000,0,0,0,0,0,0,-253,0,0,0,3000,3253,-253,-106253
6449,鈺邦,375253,472000,-96747,0,0,0,0,0,0,-9881,3000,3000,0,17138,27019,-9881,-106628
6405,悅城,92000,199000,-107000,0,0,0,0,0,0,39,0,0,0,2000,1961,39,-106961
6668,中揚光,62000,170000,-108000,0,0,0,0,0,0,1000,1000,0,1000,0,0,0,-107000
6944,兆聯實業,112376,220000,-107624,0,0,0,0,0,0,149,12000,0,12000,21092,32943,-11851,-107475
2347,聯強,2293786,3714230,-1420444,0,0,0,1117368,6000,1111368,199912,141000,0,141000,90071,31159,58912,-109164
2501,國建,579000,695000,-116000,0,0,0,0,0,0,4712,18000,12000,6000,1000,2288,-1288,-111288
6658,聯策,77171,192187,-115016,0,0,0,0,0,0,2887,3000,0,3000,1311,1424,-113,-112129
2467,志聖,318000,426371,-108371,0,0,0,0,0,0,-4529,3000,4000,-1000,22735,26264,-3529,-112900
2376,技嘉,2294149,2160391,133758,0,0,0,8000,175000,-167000,-80515,35000,92800,-57800,33096,55811,-22715,-113757
3338,泰碩,60000,177030,-117030,0,0,0,0,0,0,2000,5000,3000,2000,0,0,0,-115030
9930,中聯資源,18000,142000,-124000,0,0,0,0,0,0,8000,8000,0,8000,0,0,0,-116000
2106,建大,387000,512000,-125000,0,0,0,0,0,0,7000,49000,42000,7000,0,0,0,-118000
1524,耿鼎,145953,264046,-118093,0,0,0,0,0,0,0,0,0,0,0,0,0,-118093
02001L,富邦蘋果正二N,0,0,0,0,0,0,0,0,0,-119000,0,0,0,19000,138000,-119000,-119000
3026,禾伸堂,458264,545269,-87005,0,0,0,0,145000,-145000,111703,39000,20653,18347,121000,27644,93356,-120302
2836,高雄銀,356000,589000,-233000,0,0,0,0,0,0,110000,163000,53000,110000,0,0,0,-123000
7788,松川精密,526000,640552,-114552,0,0,0,0,0,0,-8720,18874,8000,10874,57797,77391,-19594,-123272
4934,太極,81000,205000,-124000,0,0,0,0,0,0,0,0,0,0,0,0,0,-124000
3406,玉晶光,1834585,1819916,14669,0,0,0,0,2000,-2000,-140549,8000,37100,-29100,23500,134949,-111449,-127880
3321,同泰,85000,213000,-128000,0,0,0,0,0,0,-2320,1000,3320,-2320,0,0,0,-130320
3694,海華,996000,1133300,-137300,0,0,0,0,0,0,4495,1000,1000,0,4748,253,4495,-132805
3044,健鼎,920434,1249510,-329076,0,0,0,190000,29000,161000,29451,25000,0,25000,29054,24603,4451,-138625
1612,宏泰,451590,597000,-145410,0,0,0,0,2000,-2000,7687,9000,2000,7000,1847,1160,687,-139723
6585,鼎基,99000,242000,-143000,0,0,0,0,0,0,1034,5000,3000,2000,0,966,-966,-141966
2401,凌陽,686018,793000,-106982,0,0,0,0,40000,-40000,3275,65000,29000,36000,1387,34112,-32725,-143707
6168,宏齊,287000,434000,-147000,0,0,0,0,0,0,2062,4000,2000,2000,3000,2938,62,-144938
2427,三商電,77000,232000,-155000,0,0,0,0,0,0,10000,32000,22000,10000,0,0,0,-145000
2342,茂矽,302014,448054,-146040,0,0,0,0,0,0,-680,2000,2680,-680,0,0,0,-146720
6919,康霈*,1423959,1563569,-139610,0,0,0,0,0,0,-7983,0,0,0,1000,8983,-7983,-147593
2546,根基,50000,199001,-149001,0,0,0,0,0,0,406,6000,5594,406,3000,3000,0,-148595
2731,雄獅,172000,316000,-144000,0,0,0,0,0,0,-5156,1000,80,920,0,6076,-6076,-149156
6191,精成科,520340,680500,-160160,0,0,0,0,0,0,8270,28000,8000,20000,18005,29735,-11730,-151890
2428,興勤,199233,348207,-148974,0,0,0,0,0,0,-3129,3000,2053,947,10000,14076,-4076,-152103
3312,弘憶股,130975,293000,-162025,0,0,0,0,0,0,9320,14000,4830,9170,150,0,150,-152705
6873,泓德能源,68000,225000,-157000,0,0,0,0,0,0,2140,4000,0,4000,1000,2860,-1860,-154860
3535,晶彩科,122050,281000,-158950,0,0,0,0,0,0,-1328,0,0,0,8000,9328,-1328,-160278
2368,金像電,4933827,5731703,-797876,0,0,0,616000,81000,535000,102318,124116,91283,32833,306268,236783,69485,-160558
6831,邁科,737012,876701,-139689,0,0,0,0,0,0,-22701,1000,18406,-17406,10425,15720,-5295,-162390
9925,新保,98000,267000,-169000,0,0,0,0,0,0,5000,5000,0,5000,0,0,0,-164000
2472,立隆電,876536,1019000,-142464,0,0,0,0,2000,-2000,-23436,2000,0,2000,14967,40403,-25436,-167900
1526,日馳,283618,450000,-166382,0,0,0,0,0,0,-1583,0,1583,-1583,0,0,0,-167965
3032,偉訓,78000,239091,-161091,0,0,0,0,0,0,-7055,0,956,-956,0,6099,-6099,-168146
3563,牧德,90196,219000,-128804,0,0,0,0,0,0,-39831,1000,0,1000,13659,54490,-40831,-168635
1721,三晃,109592,279505,-169913,0,0,0,0,0,0,1000,1000,0,1000,0,0,0,-168913
3008,大立光,328420,548222,-219802,0,0,0,34000,1000,33000,15566,30069,19267,10802,97307,92543,4764,-171236
1727,中華化,348000,525491,-177491,0,0,0,0,0,0,2702,3000,0,3000,10118,10416,-298,-174789
2374,佳能,677200,855000,-177800,0,0,0,0,0,0,-57,4000,0,4000,52863,56920,-4057,-177857
6164,華興,50000,270000,-220000,0,0,0,0,0,0,42000,75000,33000,42000,0,0,0,-178000
2329,華泰,641130,819100,-177970,0,0,0,12000,0,12000,-12329,65000,23000,42000,9002,63331,-54329,-178299
1513,中興電,448644,593665,-145021,0,0,0,0,0,0,-34076,6000,0,6000,23915,63991,-40076,-179097
6715,嘉基,186000,172000,14000,0,0,0,0,192000,-192000,-2283,0,0,0,11250,13533,-2283,-180283
1582,信錦,184202,369185,-184983,0,0,0,0,0,0,3000,3000,0,3000,0,0,0,-181983
3591,艾笛森,203001,388084,-185083,0,0,0,0,0,0,2648,11000,8352,2648,0,0,0,-182435
2883B,凱基金乙特,41000,194000,-153000,0,0,0,0,0,0,-34000,0,34000,-34000,0,0,0,-187000
1711,永光,590000,770115,-180115,0,0,0,0,0,0,-7664,11000,4000,7000,27496,42160,-14664,-187779
1773,勝一,190000,294275,-104275,0,0,0,0,85000,-85000,-6855,9000,3947,5053,1178,13086,-11908,-196130
6937,天虹,44005,192200,-148195,0,0,0,0,17000,-17000,-31186,0,0,0,9000,40186,-31186,-196381
2497,怡利電,196419,352000,-155581,0,0,0,0,0,0,-46076,0,3000,-3000,4623,47699,-43076,-201657
2457,飛宏,295663,509000,-213337,0,0,0,0,0,0,11226,30000,3000,27000,6000,21774,-15774,-202111
2601,益航,171428,378000,-206572,0,0,0,0,0,0,0,0,0,0,0,0,0,-206572
3011,今皓,125000,332000,-207000,0,0,0,0,0,0,-1000,0,1000,-1000,0,0,0,-208000
8996,高力,1471364,1919123,-447759,0,0,0,264000,6000,258000,-18730,92866,111596,-18730,0,0,0,-208489
2476,鉅祥,350137,512000,-161863,0,0,0,0,0,0,-47302,2000,2000,0,51363,98665,-47302,-209165
1210,大成,1606000,1551000,55000,0,0,0,200000,0,200000,-464966,52000,816966,-764966,300000,0,300000,-209966
2535,達欣工,70000,282000,-212000,0,0,0,0,0,0,1000,11000,10000,1000,0,0,0,-211000
5434,崇越,380060,366671,13389,0,0,0,6000,249000,-243000,13120,9000,0,9000,18000,13880,4120,-216491
4562,穎漢,214000,433000,-219000,0,0,0,0,0,0,1205,3019,1814,1205,0,0,0,-217795
1560,中砂,278536,481045,-202509,0,0,0,15000,0,15000,-32052,2000,12500,-10500,18058,39610,-21552,-219561
6141,柏承,160000,384070,-224070,0,0,0,0,0,0,4181,5000,819,4181,0,0,0,-219889
8473,山林水,113000,333400,-220400,0,0,0,0,0,0,-917,3000,3917,-917,0,0,0,-221317
1563,巧新,344084,560502,-216418,0,0,0,0,0,0,-9101,5000,14101,-9101,0,0,0,-225519
4977,眾達-KY,643347,859025,-215678,0,0,0,0,0,0,-12291,0,10000,-10000,33693,35984,-2291,-227969
2359,所羅門,2462892,2708000,-245108,0,0,0,0,0,0,15971,5000,2000,3000,56175,43204,12971,-229137
2466,冠西電,291359,525000,-233641,0,0,0,0,0,0,2000,3000,1000,2000,0,0,0,-231641
3013,晟銘電,304010,531649,-227639,0,0,0,0,0,0,-5326,7000,5000,2000,12000,19326,-7326,-232965
7711,永擎,306140,508490,-202350,0,0,0,0,0,0,-35963,26608,72631,-46023,13042,2982,10060,-238313
6443,元晶,601000,840000,-239000,0,0,0,0,0,0,0,0,0,0,0,0,0,-239000
3305,昇貿,544262,806000,-261738,0,0,0,0,0,0,22015,8000,9000,-1000,77229,54214,23015,-239723
4551,智伸科,318673,745431,-426758,0,0,0,189000,0,189000,-3611,1000,0,1000,4000,8611,-4611,-241369
8476,台境*,126000,367000,-241000,0,0,0,0,0,0,-1000,0,1000,-1000,0,0,0,-242000
1514,亞力,264150,509000,-244850,0,0,0,0,0,0,-229,3000,0,3000,16000,19229,-3229,-245079
3209,全科,427080,679643,-252563,0,0,0,0,0,0,5982,16000,7000,9000,601,3619,-3018,-246581
2338,光罩,190392,438375,-247983,0,0,0,0,0,0,-4844,27000,13000,14000,0,18844,-18844,-252827
3030,德律,301100,545000,-243900,0,0,0,0,0,0,-9474,4000,0,4000,10117,23591,-13474,-253374
1519,華城,342022,588334,-246312,0,0,0,0,0,0,-7376,7000,5529,1471,56200,65047,-8847,-253688
6446,藥華藥,997314,1266270,-268956,0,0,0,11000,0,11000,3235,86355,86057,298,5165,2228,2937,-254721
2413,環科,221972,477000,-255028,0,0,0,0,0,0,-917,0,1000,-1000,83,0,83,-255945
4526,東台,375100,633000,-257900,0,0,0,0,0,0,-898,0,0,0,2559,3457,-898,-258798
6442,光聖,584396,729106,-144710,0,0,0,0,115000,-115000,-1403,63685,60367,3318,5385,10106,-4721,-261113
2316,楠梓電,651802,856300,-204498,0,0,0,0,0,0,-57371,6000,3000,3000,28160,88531,-60371,-261869
3010,華立,177000,464000,-287000,0,0,0,943,0,943,20470,28000,7000,21000,0,530,-530,-265587
2208,台船,326030,598000,-271970,0,0,0,0,0,0,1000,1000,0,1000,0,0,0,-270970
5871,中租-KY,1275805,1556980,-281175,0,0,0,33000,46000,-13000,20682,33000,0,33000,11000,23318,-12318,-273493
3015,全漢,117064,408073,-291009,0,0,0,11018,0,11018,2976,2000,4,1996,1000,20,980,-277015
5243,乙盛-KY,201003,528474,-327471,0,0,0,0,0,0,48270,8000,4000,4000,60421,16151,44270,-279201
8081,致新,135000,399753,-264753,0,0,0,466,5000,-4534,-13819,2000,545,1455,0,15274,-15274,-283106
1503,士電,300000,577404,-277404,0,0,0,0,0,0,-6623,11000,10000,1000,33000,40623,-7623,-284027
6153,嘉聯益,1798450,2094917,-296467,0,0,0,0,0,0,11857,63574,51000,12574,2000,2717,-717,-284610
3504,揚明光,517052,808000,-290948,0,0,0,0,0,0,2365,2000,0,2000,365,0,365,-288583
4555,氣立,256000,557000,-301000,0,0,0,0,0,0,5325,17000,11675,5325,0,0,0,-295675
3515,華擎,152459,455000,-302541,0,0,0,494,0,494,-3791,1000,0,1000,241,5032,-4791,-305838
8110,華東,1003200,1288000,-284800,0,0,0,0,0,0,-33674,20000,14000,6000,2996,42670,-39674,-318474
3583,辛耘,277010,632020,-355010,0,0,0,90000,20000,70000,-35219,0,5000,-5000,25238,55457,-30219,-320229
4956,光鋐,601000,922648,-321648,0,0,0,0,0,0,106,4000,4000,0,3000,2894,106,-321542
2355,敬鵬,808000,1118000,-310000,0,0,0,0,0,0,-20481,31000,28000,3000,13429,36910,-23481,-330481
3380,明泰,586087,915000,-328913,0,0,0,0,0,0,-4851,26000,21000,5000,1003,10854,-9851,-333764
2540,愛山林,282000,638000,-356000,0,0,0,0,0,0,17000,17000,0,17000,0,0,0,-339000
4916,事欣科,1186810,1540000,-353190,0,0,0,0,0,0,8639,1000,0,1000,28771,21132,7639,-344551
2241,艾姆勒,287011,633059,-346048,0,0,0,0,0,0,1345,7000,5655,1345,0,0,0,-344703
6830,汎銓,502117,815634,-313517,0,0,0,0,0,0,-33459,0,11000,-11000,31780,54239,-22459,-346976
2483,百容,541000,899000,-358000,0,0,0,0,0,0,5000,19000,14000,5000,0,0,0,-353000
6672,騰輝電子-KY,556043,972000,-415957,0,0,0,0,0,0,53792,67000,17000,50000,48366,44574,3792,-362165
2491,吉祥全,168000,527000,-359000,0,0,0,0,0,0,-4113,0,4113,-4113,0,0,0,-363113
6451,訊芯-KY,2165112,2515892,-350780,0,0,0,0,0,0,-13078,2000,9006,-7006,58796,64868,-6072,-363858
3717,聯嘉投控,1608626,1765000,-156374,0,0,0,0,0,0,-216586,3000,220000,-217000,6174,5760,414,-372960
2201,裕隆,827251,1220357,-393106,0,0,0,0,0,0,18849,54000,35000,19000,19352,19503,-151,-374257
6533,晶心科,828066,1227020,-398954,0,0,0,0,20000,-20000,40942,0,0,0,71514,30572,40942,-378012
1313,聯成,1528291,1930000,-401709,0,0,0,0,0,0,19546,17000,15000,2000,19207,1661,17546,-382163
1710,東聯,1523907,1937506,-413599,0,0,0,0,0,0,28461,47000,11000,36000,3869,11408,-7539,-385138
1447,力鵬,487610,898860,-411250,0,0,0,0,0,0,25000,40000,15000,25000,0,0,0,-386250
2399,映泰,1690104,2068000,-377896,0,0,0,0,0,0,-14974,2000,0,2000,5062,22036,-16974,-392870
2486,一詮,1950114,2339001,-388887,0,0,0,0,0,0,-10144,32000,31000,1000,29596,40740,-11144,-399031
2617,台航,171000,578000,-407000,0,0,0,0,0,0,2936,23000,19501,3499,84,647,-563,-404064
2478,大毅,1415178,1833000,-417822,0,0,0,0,0,0,897,4000,2000,2000,18000,19103,-1103,-416925
2351,順德,1713000,1992000,-279000,0,0,0,0,0,0,-138394,2000,8000,-6000,32101,164495,-132394,-417394
2340,台亞,625446,1057000,-431554,0,0,0,0,0,0,12261,63000,47000,16000,5128,8867,-3739,-419293
2425,承啟,2471218,2925080,-453862,0,0,0,0,0,0,33149,34149,1000,33149,0,0,0,-420713
2439,美律,235029,649270,-414241,0,0,0,1374,0,1374,-14018,4000,0,4000,3000,21018,-18018,-426885
6215,和椿,667000,1110190,-443190,0,0,0,0,0,0,15103,0,0,0,38500,23397,15103,-428087
4976,佳凌,528000,962087,-434087,0,0,0,0,0,0,2017,2000,0,2000,17,0,17,-432070
3702,大聯大,4469290,5450535,-981245,0,0,0,1100127,3000,1097127,-548388,20000,199000,-179000,27767,397155,-369388,-432506
2464,盟立,7110072,7573255,-463183,0,0,0,0,0,0,26621,63667,29000,34667,213898,221944,-8046,-436562
3135,凌航,116001,549100,-433099,0,0,0,0,0,0,-8068,0,0,0,0,8068,-8068,-441167
3023,信邦,443000,1233000,-790000,0,0,0,302000,2000,300000,19843,25000,0,25000,6000,11157,-5157,-470157
3413,京鼎,734382,1120965,-386583,0,0,0,0,15000,-15000,-80671,11000,0,11000,9351,101022,-91671,-482254
6166,凌華,1535869,2015741,-479872,0,0,0,0,0,0,-5268,3000,2000,1000,27346,33614,-6268,-485140
1477,聚陽,367095,887208,-520113,0,0,0,27000,7000,20000,-4608,13000,1331,11669,1000,17277,-16277,-504721
2417,圓剛,494108,1012000,-517892,0,0,0,0,0,0,0,0,0,0,0,0,0,-517892
6226,光鼎,6188000,6666370,-478370,0,0,0,0,0,0,-39871,11000,50871,-39871,0,0,0,-518241
8131,福懋科,987585,1545020,-557435,0,0,0,0,0,0,29210,6000,0,6000,56315,33105,23210,-528225
4989,榮科,1217594,1811001,-593407,0,0,0,0,0,0,41365,0,50000,-50000,100000,8635,91365,-552042
1905,華紙,373000,942251,-569251,0,0,0,0,0,0,14945,19000,2000,17000,4253,6308,-2055,-554306
3596,智易,169000,772097,-603097,0,0,0,671,0,671,-3218,10000,7588,2412,0,5630,-5630,-605644
1522,堤維西,169000,790644,-621644,0,0,0,0,0,0,4449,5000,3000,2000,4000,1551,2449,-617195
9938,百和,307000,557318,-250318,0,0,0,0,338000,-338000,-31702,9000,39795,-30795,300,1207,-907,-620020
1409,新纖,979686,1631223,-651537,0,0,0,0,0,0,18290,30000,3000,27000,2031,10741,-8710,-633247
1504,東元,1127630,1789638,-662008,0,0,0,0,1000,-1000,27499,29000,18000,11000,43660,27161,16499,-635509
3149,正達,2093160,2741000,-647840,0,0,0,0,0,0,79,0,0,0,28000,27921,79,-647761
1605,華新,5639671,6544129,-904458,0,0,0,0,0,0,235136,89000,130000,-41000,577904,301768,276136,-669322
2485,兆赫,1063095,1699000,-635905,0,0,0,0,0,0,-34984,44000,66000,-22000,18972,31956,-12984,-670889
4764,雙鍵,470050,605000,-134950,0,0,0,0,528000,-528000,-8118,29,0,29,12066,20213,-8147,-671068
2498,宏達電,583200,1279976,-696776,0,0,0,0,0,0,23628,13000,8000,5000,55000,36372,18628,-673148
3673,TPK-KY,1494000,2234135,-740135,0,0,0,0,0,0,22428,41000,15000,26000,19921,23493,-3572,-717707
2377,微星,2556659,3109479,-552820,0,0,0,893,4000,-3107,-163374,70000,6000,64000,121085,348459,-227374,-719301
9105,泰金寶-DR,1876100,2602000,-725900,0,0,0,0,0,0,-14459,0,0,0,0,14459,-14459,-740359
2887I,台新新光辛特,296000,1041000,-745000,0,0,0,0,0,0,0,0,0,0,0,0,0,-745000
2441,超豐,1778015,2619034,-841019,0,0,0,148000,8000,140000,-55015,21000,10000,11000,61400,127415,-66015,-756034
2332,友訊,6377699,7102250,-724551,0,0,0,0,0,0,-32810,304000,336000,-32000,10000,10810,-810,-757361
3037,欣興,8079637,8870192,-790555,0,0,0,81000,7000,74000,-47709,84000,189000,-105000,197826,140535,57291,-764264
8103,瀚荃,562524,1364785,-802261,0,0,0,0,0,0,819,5000,2000,3000,0,2181,-2181,-801442
8046,南電,1661242,2503160,-841918,0,0,0,0,0,0,25182,70555,78997,-8442,62236,28612,33624,-816736
2495,普安,431000,1285000,-854000,0,0,0,15000,0,15000,6677,3000,0,3000,16001,12324,3677,-832323
1597,直得,1412162,2309045,-896883,0,0,0,0,0,0,24381,11000,5000,6000,61490,43109,18381,-872502
2385,群光,1337664,2119185,-781521,0,0,0,30893,111000,-80107,-18572,10000,0,10000,11000,39572,-28572,-880200
3016,嘉晶,1074970,1980753,-905783,0,0,0,0,0,0,16706,120000,3000,117000,29053,129347,-100294,-889077
2367,燿華,1232010,2062000,-829990,0,0,0,0,0,0,-94619,44000,85000,-41000,48316,101935,-53619,-924609
3576,聯合再生,1262400,2179000,-916600,0,0,0,0,0,0,-30000,0,30000,-30000,0,0,0,-946600
1476,儒鴻,1358943,2440711,-1081768,0,0,0,138000,4000,134000,-9939,24040,26000,-1960,31000,38979,-7979,-957707
3701,大眾控,950000,1930000,-980000,0,0,0,0,0,0,-3626,6000,4000,2000,1498,7124,-5626,-983626
2492,華新科,3124343,4084909,-960566,0,0,0,0,45000,-45000,19703,150263,186000,-35737,430327,374887,55440,-985863
6789,采鈺,542676,1497864,-955188,0,0,0,2000,0,2000,-42182,4000,0,4000,113190,159372,-46182,-995370
2855,統一證,812000,2397476,-1585476,0,0,0,590000,11000,579000,0,0,0,0,0,0,0,-1006476
8261,富鼎,1745249,2755126,-1009877,0,0,0,0,0,0,-65415,2000,31000,-29000,89863,126278,-36415,-1075292
6139,亞翔,780591,1810110,-1029519,0,0,0,45000,74000,-29000,-22968,64000,11000,53000,67106,143074,-75968,-1081487
3704,合勤控,541227,1636000,-1094773,0,0,0,0,0,0,13114,21000,8186,12814,300,0,300,-1081659
2489,瑞軒,2830165,3985000,-1154835,0,0,0,15000,0,15000,30549,78000,47000,31000,35676,36127,-451,-1109286
3033,威健,723000,1796000,-1073000,0,0,0,2442,1000,1442,-74761,24000,74000,-50000,17288,42049,-24761,-1146319
2548,華固,499200,1650399,-1151199,0,0,0,0,35000,-35000,24363,51000,25637,25363,0,1000,-1000,-1161836
8021,尖點,1855112,3304463,-1449351,0,0,0,420000,167000,253000,-8092,30198,43290,-13092,7000,2000,5000,-1204443
6176,瑞儀,645000,1842361,-1197361,0,0,0,1356,0,1356,-29376,0,0,0,32450,61826,-29376,-1225381
2345,智邦,1560883,2799670,-1238787,0,0,0,77000,80000,-3000,-36584,32000,44705,-12705,220162,244041,-23879,-1278371
1310,台苯,641747,1931976,-1290229,0,0,0,0,0,0,5834,6000,166,5834,0,0,0,-1284395
8210,勤誠,180271,1404200,-1223929,0,0,0,47000,83000,-36000,-29597,0,7000,-7000,41200,63797,-22597,-1289526
4576,大銀微系統,1743050,3051050,-1308000,0,0,0,0,0,0,13319,1000,0,1000,71784,59465,12319,-1294681
6197,佳必琪,514000,1735000,-1221000,0,0,0,0,0,0,-119054,1000,3000,-2000,98375,215429,-117054,-1340054
4906,正文,1306080,2707000,-1400920,0,0,0,0,0,0,-9215,16000,10000,6000,10506,25721,-15215,-1410135
6282,康舒,2161051,3827074,-1666023,0,0,0,0,0,0,239135,478000,173000,305000,61341,127206,-65865,-1426888
3042,晶技,4410250,5431112,-1020862,0,0,0,0,5000,-5000,-431409,50000,298000,-248000,127297,310706,-183409,-1457271
7795,長廣,655100,2149100,-1494000,0,0,0,0,0,0,-4551,40449,23000,17449,0,22000,-22000,-1498551
2484,希華,3516003,5016719,-1500716,0,0,0,0,0,0,-30725,20000,15000,5000,1124,36849,-35725,-1531441
2312,金寶,1336058,2840251,-1504193,0,0,0,26000,0,26000,-86648,34000,1000,33000,21035,140683,-119648,-1564841
1326,台化,9100514,10839191,-1738677,0,0,0,0,0,0,144943,450000,420000,30000,160130,45187,114943,-1593734
3048,益登,2076000,3714000,-1638000,0,0,0,0,0,0,28463,5000,999,4001,43803,19341,24462,-1609537
2308,台達電,4908755,6605843,-1697088,0,0,0,313554,70000,243554,-158250,93000,271200,-178200,177291,157341,19950,-1611784
3665,貿聯-KY,2149904,2558012,-408108,0,0,0,23000,1238000,-1215000,-45023,13000,28400,-15400,63826,93449,-29623,-1668131
2352,佳世達,1940478,3627120,-1686642,0,0,0,32000,0,32000,-29877,20000,0,20000,51675,101552,-49877,-1684519
6209,今國光,1287075,2813838,-1526763,0,0,0,0,0,0,-193336,14000,12000,2000,91118,286454,-195336,-1720099
2455,全新,3854363,5802184,-1947821,0,0,0,32000,28000,4000,65925,258573,215879,42694,192115,168884,23231,-1877896
2481,強茂,5337974,7183170,-1845196,0,0,0,0,0,0,-117892,122000,124370,-2370,98404,213926,-115522,-1963088
2353,宏碁,7616000,9896782,-2280782,0,0,0,122371,0,122371,175636,133000,1000,132000,148733,105097,43636,-1982775
3189,景碩,4513227,6174048,-1660821,0,0,0,49000,191000,-142000,-198742,142000,200000,-58000,81306,222048,-140742,-2001563
6257,矽格,662015,2556372,-1894357,0,0,0,0,85000,-85000,-82218,13000,2000,11000,43422,136640,-93218,-2061575
3706,神達,2101205,3938480,-1837275,0,0,0,10000,181000,-171000,-85271,41000,62090,-21090,27154,91335,-64181,-2093546
2328,廣宇,1120101,2900000,-1779899,0,0,0,18000,0,18000,-386657,11000,424000,-413000,62090,35747,26343,-2148556
3090,日電貿,1927215,4029641,-2102426,0,0,0,0,0,0,-51137,20000,10957,9043,66477,126657,-60180,-2153563
3014,聯陽,732000,2979300,-2247300,0,0,0,887,15000,-14113,27087,7000,6000,1000,88675,62588,26087,-2234326
3028,增你強,534000,2703000,-2169000,0,0,0,1600,0,1600,-96127,29000,18000,11000,7000,114127,-107127,-2263527
1312,國喬,813000,3102000,-2289000,0,0,0,0,0,0,-50638,27000,66000,-39000,8000,19638,-11638,-2339638
2305,全友,1751000,4193322,-2442322,0,0,0,0,0,0,10000,22000,12000,10000,0,0,0,-2432322
2801,彰銀,7762346,9927660,-2165314,0,0,0,0,332000,-332000,29814,105000,1000,104000,12000,86186,-74186,-2467500
4915,致伸,901400,3457000,-2555600,0,0,0,10000,2000,8000,-21555,24000,50000,-26000,6000,1555,4445,-2569155
4927,泰鼎-KY,1614200,4152000,-2537800,0,0,0,0,0,0,-34814,39000,73814,-34814,0,0,0,-2572614
2458,義隆,1854660,3859000,-2004340,0,0,0,773,555000,-554227,-49664,6000,28000,-22000,107600,135264,-27664,-2608231
6285,啟碁,2068151,4403450,-2335299,0,0,0,0,57000,-57000,-262678,7000,95923,-88923,112614,286369,-173755,-2654977
1802,台玻,6622914,9565399,-2942485,0,0,0,0,0,0,224386,195000,34000,161000,162308,98922,63386,-2718099
3711,日月光投控,4593061,7646793,-3053732,0,0,0,667000,110000,557000,-273934,52000,306000,-254000,234788,254722,-19934,-2770666
8926,台汽電,563167,3412179,-2849012,0,0,0,0,0,0,16673,40000,24327,15673,1000,0,1000,-2832339
6239,力成,5625769,9408329,-3782560,0,0,0,1255000,2000,1253000,-438362,127000,413000,-286000,191031,343393,-152362,-2967922
8028,昇陽半導體,1065254,3238000,-2172746,0,0,0,0,801000,-801000,-29876,2000,5500,-3500,172015,198391,-26376,-3003622
2324,仁寶,15538893,18303886,-2764993,0,0,0,0,13000,-13000,-303726,86000,79000,7000,104000,414726,-310726,-3081719
2449,京元電子,5113010,8279550,-3166540,0,0,0,61000,54000,7000,3287,380066,391004,-10938,278211,263986,14225,-3156253
8150,南茂,10445614,13557591,-3111977,0,0,0,0,0,0,-54983,111000,162000,-51000,218317,222300,-3983,-3166960
2880,華南金,7240077,17985850,-10745773,0,0,0,6950000,39000,6911000,40790,191000,0,191000,26717,176927,-150210,-3793983
1314,中石化,5411639,10142037,-4730398,0,0,0,0,0,0,-33000,183000,216000,-33000,0,0,0,-4763398
1303,南亞,37734829,45068812,-7333983,0,0,0,1758000,0,1758000,376546,1529486,1440000,89486,1341829,1054769,287060,-5199437
4958,臻鼎-KY,8923891,14389671,-5465780,0,0,0,1544000,1425000,119000,132327,384000,253000,131000,350210,348883,1327,-5214453
2886,兆豐金,5944353,15190965,-9246612,0,0,0,2849000,0,2849000,576133,663000,4000,659000,34000,116867,-82867,-5821479
6505,台塑化,12884880,19420101,-6535221,0,0,0,0,0,0,620556,558000,217000,341000,578923,299367,279556,-5914665
2382,廣達,6456748,12760021,-6303273,0,0,0,127332,48000,79332,-378570,217000,524626,-307626,24000,94944,-70944,-6602511
2317,鴻海,12802369,18130498,-5328129,0,0,0,297000,1097000,-800000,-626408,459000,338000,121000,60833,808241,-747408,-6754537
6116,彩晶,16914863,24756968,-7842105,0,0,0,0,0,0,284814,238000,111000,127000,419795,261981,157814,-7557291
3036,文曄,11090595,19743377,-8652782,0,0,0,1218000,59000,1159000,-186764,540000,417000,123000,461078,770842,-309764,-7680546
6005,群益證,1424272,9171185,-7746913,0,0,0,0,11000,-11000,0,0,0,0,0,0,0,-7757913
2313,華通,7648875,15070951,-7422076,0,0,0,449000,40000,409000,-1153759,200000,539000,-339000,316368,1131127,-814759,-8166835
1714,和桐,9896002,19646635,-9750633,0,0,0,0,0,0,74356,138000,18194,119806,65284,110734,-45450,-9676277
2337,旺宏,31237714,40697569,-9459855,0,0,0,24000,885000,-861000,-228252,530000,362000,168000,639650,1035902,-396252,-10549107
2327,國巨*,11801033,21148078,-9347045,0,0,0,11000,1531000,-1520000,141999,208400,89398,119002,456010,433013,22997,-10725046
2834,臺企銀,11702020,22598680,-10896660,0,0,0,0,0,0,-41379,23000,0,23000,10000,74379,-64379,-10938039
2892,第一金,11497679,24188658,-12690979,0,0,0,1291000,0,1291000,-270062,62000,26000,36000,6000,312062,-306062,-11670041
6770,力積電,59861544,76772558,-16911014,0,0,0,0,0,0,-115595,1561000,1289000,272000,566963,954558,-387595,-17026609
2303,聯電,48016276,71216942,-23200666,0,0,0,583000,7274000,-6691000,-2838812,1751000,3615996,-1864996,1174061,2147877,-973816,-32730478
2344,華邦電,47208192,90539647,-43331455,0,0,0,71000,258000,-187000,-2746692,1385163,3225874,-1840711,604609,1510590,-905981,-46265147
3481,群創,38342118,89543830,-51201712,0,0,0,0,0,0,-2717673,888000,2508581,-1620581,923549,2020641,-1097092,-53919385
