證券代號,證券名稱,外陸資買進股數(不含外資自營商),外陸資賣出股數(不含外資自營商),外陸資買賣超股數(不含外資自營商),外資自營商買進股數,外資自營商賣出股數,外資自營商買賣超股數,投信買進股數,投信賣出股數,投信買賣超股數,自營商買賣超股數,自營商買進股數(自行買賣),自營商賣出股數(自行買賣),自營商買賣超股數(自行買賣),自營商買進股數(避險),自營商賣出股數(避險),自營商買賣超股數(避險),三大法人買賣超股數
2887,台新新光金,77424557,42103853,35320704,0,0,0,78413000,9364000,69049000,-5672128,134246,139589,-5343,1724123,7390908,-5666785,98697576
3481,群創,160675225,79971920,80703305,0,0,0,5100000,0,5100000,14488,431000,483034,-52034,2618755,2552233,66522,85817793
1802,台玻,68590579,32751990,35838589,0,0,0,421000,0,421000,-24210,1427132,2050000,-622868,1352406,753748,598658,36235379
2408,南亞科,49211261,22194778,27016483,None,None,0,798001,21000,777001,520286,269000,187774,81226,2004425,1565365,439060,28313770
3231,緯創,32012000,7325387,24686613,0,0,0,1500000,12000,1488000,-268173,97000,18000,79000,1797827,2145000,-347173,25906440
2883,凱基金,45933223,20813342,25119881,0,0,0,290000,2156000,-1866000,1359770,612000,74,611926,1034913,287069,747844,24613651
2886,兆豐金,28830946,18233919,10597027,0,0,0,14146000,5890,14140110,-272567,57935,143000,-85065,190498,378000,-187502,24464570
6282,康舒,40619218,19948445,20670773,0,0,0,0,0,0,3074647,943844,333000,610844,3208815,745012,2463803,23745420
2890,永豐金,30776510,9622482,21154028,0,0,0,411000,261338,149662,-161689,22000,105761,-83761,194815,272743,-77928,21142001
2880,華南金,25993876,53356597,-27362721,0,0,0,52129000,3742000,48387000,-379252,22231,124000,-101769,302622,580105,-277483,20645027
2884,玉山金,38895793,16619607,22276186,0,0,0,4080000,7361898,-3281898,176602,101000,334000,-233000,611243,201641,409602,19170890
2337,旺宏,66788151,52415579,14372572,0,0,0,3478000,390000,3088000,1263870,905000,168169,736831,1333746,806707,527039,18724442
9105,泰金寶-DR,36741220,19874000,16867220,0,0,0,0,0,0,234918,135981,6181,129800,1012861,907743,105118,17102138
2603,長榮,10867790,8708491,2159299,0,0,0,12858000,14215,12843785,946655,552124,34000,518124,944175,515644,428531,15949739
1303,南亞,32953500,19007757,13945743,0,0,0,696000,0,696000,603969,332000,457000,-125000,2540447,1811478,728969,15245712
2609,陽明,27382786,7240213,20142573,0,0,0,1000,6006850,-6005850,809178,399826,96000,303826,581352,76000,505352,14945901
2618,長榮航,11483759,35922341,-24438582,0,0,0,38032000,319102,37712898,271944,698000,968000,-270000,765705,223761,541944,13546260
6213,聯茂,14866470,2871933,11994537,0,0,0,0,3000,-3000,356531,210000,41571,168429,531899,343797,188102,12348068
3706,神達,32208328,20453214,11755114,0,0,0,135000,60000,75000,103206,640446,357000,283446,595445,775685,-180240,11933320
2867,三商壽,14154017,3359000,10795017,0,0,0,0,0,0,962000,983000,21000,962000,0,0,0,11757017
2412,中華電,14446444,9406508,5039936,0,0,0,5941000,0,5941000,632428,585000,47000,538000,108428,14000,94428,11613364
2027,大成鋼,11991082,9757779,2233303,0,0,0,5724000,0,5724000,1568539,259882,160320,99562,1628045,159068,1468977,9525842
2891,中信金,20682490,25028912,-4346422,0,0,0,17407000,3709976,13697024,-207380,82095,119000,-36905,379499,549974,-170475,9143222
1326,台化,31692486,23691503,8000983,0,0,0,0,411000,-411000,1208035,483000,145302,337698,1172125,301788,870337,8798018
6456,GIS-KY,15804003,7241320,8562683,0,0,0,0,0,0,159361,12745,7371,5374,383111,229124,153987,8722044
2406,國碩,12309035,3896828,8412207,0,0,0,0,0,0,5244,5000,0,5000,2981,2737,244,8417451
1101,台泥,18114916,11312425,6802491,0,0,0,0,0,0,483414,8000,7583,417,538997,56000,482997,7285905
1216,統一,8857011,7817823,1039188,0,0,0,6662000,693000,5969000,-1368,9000,9000,0,103632,105000,-1368,7006820
8046,南電,12076902,6327373,5749529,0,0,0,786000,22000,764000,-23762,88866,93000,-4134,557601,577229,-19628,6489767
2353,宏碁,9118000,550380,8567620,0,0,0,0,2747000,-2747000,506375,56000,5000,51000,577375,122000,455375,6326995
6443,元晶,11126701,5015250,6111451,0,0,0,0,0,0,208303,255000,47000,208000,41506,41203,303,6319754
2605,新興,9101000,2710507,6390493,0,0,0,0,0,0,-353642,96575,622257,-525682,443438,271398,172040,6036851
4526,東台,7116474,1606100,5510374,0,0,0,0,0,0,169485,10217,3000,7217,185280,23012,162268,5679859
2834,臺企銀,15911755,11004306,4907449,0,0,0,0,5642,-5642,333000,0,1000,-1000,349000,15000,334000,5234807
3059,華晶科,7529238,3091300,4437938,0,0,0,26000,0,26000,750622,74588,10000,64588,715027,28993,686034,5214560
2912,統一超,3696367,6524600,-2828233,0,0,0,8010000,15798,7994202,-873,0,3000,-3000,72127,70000,2127,5165096
4540,全球傳動,7982223,3046758,4935465,0,0,0,0,0,0,35397,43657,8260,35397,0,0,0,4970862
3715,定穎投控,7168266,2467420,4700846,0,0,0,0,3000,-3000,218944,31001,0,31001,404621,216678,187943,4916790
2382,廣達,24116676,26729803,-2613127,0,0,0,7456000,175000,7281000,206497,1209483,978542,230941,75776,100220,-24444,4874370
2399,映泰,7190898,2328000,4862898,0,0,0,0,2000,-2000,-7167,1000,8000,-7000,4012,4179,-167,4853731
2371,大同,8478542,3908999,4569543,0,0,0,0,0,0,279124,114000,2000,112000,928432,761308,167124,4848667
2377,微星,22676652,18382787,4293865,0,0,0,78000,18000,60000,473812,157177,96364,60813,942788,529789,412999,4827677
2615,萬海,8285300,3761694,4523606,0,0,0,1000,1737,-737,185457,41000,7000,34000,173378,21921,151457,4708326
3049,精金,6772000,2208000,4564000,0,0,0,0,0,0,2065,0,3000,-3000,5065,0,5065,4566065
2882,國泰金,37972596,11969617,26002979,0,0,0,171000,22461000,-22290000,638911,396140,195000,201140,663974,226203,437771,4351890
3045,台灣大,7077252,6066597,1010655,0,0,0,3681000,264000,3417000,-123799,92000,133000,-41000,23201,106000,-82799,4303856
2323,中環,6689729,2547000,4142729,0,0,0,62000,0,62000,86222,18000,21969,-3969,90191,0,90191,4290951
3576,聯合再生,7376120,3106000,4270120,None,None,0,0,0,0,5638,9000,3000,6000,3000,3362,-362,4275758
6505,台塑化,6340966,2241081,4099885,0,0,0,43000,0,43000,99506,10000,14262,-4262,209768,106000,103768,4242391
1319,東陽,7175590,2739040,4436550,0,0,0,0,129761,-129761,-176939,211538,373865,-162327,142402,157014,-14612,4129850
8215,明基材,5574814,1646573,3928241,0,0,0,0,0,0,110613,118127,45000,73127,48808,11322,37486,4038854
2812,台中銀,16864217,12954000,3910217,0,0,0,1000,5735,-4735,26665,60000,61335,-1335,29000,1000,28000,3932147
2646,星宇航空,5536785,1804000,3732785,0,0,0,1000,0,1000,45908,0,0,0,49908,4000,45908,3779693
2014,中鴻,5132700,1388000,3744700,0,0,0,0,0,0,4000,9000,4000,5000,1000,2000,-1000,3748700
6155,鈞寶,7223630,3569140,3654490,0,0,0,0,0,0,25558,2000,2000,0,34951,9393,25558,3680048
8112,至上,12230770,11715180,515590,0,0,0,2513000,198000,2315000,751823,136000,225003,-89003,1239806,398980,840826,3582413
1714,和桐,4321353,981570,3339783,0,0,0,0,0,0,123000,0,11000,-11000,138465,4465,134000,3462783
2610,華航,27302990,25515377,1787613,0,0,0,2000,40428,-38428,1706487,501000,99000,402000,1387382,82895,1304487,3455672
1718,中纖,5162000,1849000,3313000,0,0,0,0,0,0,104184,99227,3486,95741,8443,0,8443,3417184
4906,正文,18860100,15573628,3286472,None,None,0,0,5000,-5000,87489,8000,0,8000,596159,516670,79489,3368961
1304,台聚,4986176,1743000,3243176,0,0,0,0,0,0,60566,63000,22000,41000,22566,3000,19566,3303742
6176,瑞儀,5721050,1710000,4011050,None,None,0,3000,959000,-956000,127560,39000,15463,23537,186315,82292,104023,3182610
3376,新日興,4610496,1899093,2711403,0,0,0,0,0,0,459934,261672,58416,203256,318811,62133,256678,3171337
2454,聯發科,9561839,5775035,3786804,0,0,0,596424,1056000,-459576,-176782,213739,320310,-106571,467164,537375,-70211,3150446
2349,錸德,4786629,1700080,3086549,0,0,0,0,0,0,12000,14000,2000,12000,0,0,0,3098549
4763,材料*-KY,4158492,1258273,2900219,0,0,0,0,0,0,155190,10000,0,10000,145190,0,145190,3055409
2328,廣宇,6121170,4230947,1890223,0,0,0,0,0,0,1145962,443000,46000,397000,833071,84109,748962,3036185
8422,可寧衛*,7069089,1368000,5701089,0,0,0,5000,3000000,-2995000,133920,3000,1000,2000,145507,13587,131920,2840009
2327,國巨*,14665295,12405928,2259367,0,0,0,102000,115000,-13000,537240,522000,338000,184000,441351,88111,353240,2783607
8028,昇陽半導體,4094141,1875845,2218296,0,0,0,500000,0,500000,45602,30000,51580,-21580,278689,211507,67182,2763898
3702,大聯大,6104949,2566233,3538716,0,0,0,179000,828000,-649000,-156051,45000,214146,-169146,71009,57914,13095,2733665
1809,中釉,4121780,1574062,2547718,0,0,0,0,0,0,31910,35910,4000,31910,0,0,0,2579628
8105,凌巨,4935000,2419000,2516000,0,0,0,0,0,0,44008,58008,14000,44008,0,0,0,2560008
2354,鴻準,9225845,7259038,1966807,0,0,0,8000,0,8000,583473,244000,1228,242772,586394,245693,340701,2558280
2801,彰銀,9574850,10272815,-697965,0,0,0,3929000,682122,3246878,2066,1000,2979,-1979,12044,7999,4045,2550979
1528,恩德,3022210,532000,2490210,0,0,0,0,2000,-2000,22131,22131,0,22131,0,0,0,2510341
3450,聯鈞,3648000,1620617,2027383,0,0,0,326000,0,326000,119897,287903,167134,120769,18296,19168,-872,2473280
9945,潤泰新,4448248,2055781,2392467,0,0,0,0,0,0,4001,0,1000,-1000,6001,1000,5001,2396468
4904,遠傳,4442667,5957696,-1515029,0,0,0,4897000,1070000,3827000,58949,103418,25000,78418,42531,62000,-19469,2370920
4938,和碩,15451996,14446132,1005864,0,0,0,1633000,157001,1475999,-154973,19102,12102,7000,236154,398127,-161973,2326890
1513,中興電,3472401,1541000,1931401,0,0,0,80000,4160,75840,219349,0,3000,-3000,265295,42946,222349,2226590
2889,國票金,2979130,821000,2158130,0,0,0,0,0,0,5000,6000,1000,5000,0,0,0,2163130
2421,建準,3086151,1423373,1662778,0,0,0,158000,0,158000,215957,13000,3413,9587,264474,58104,206370,2036735
2542,興富發,4966240,3239450,1726790,0,0,0,0,0,0,263525,261000,15000,246000,23229,5704,17525,1990315
4967,十銓,4226004,2351401,1874603,0,0,0,0,0,0,30794,36000,108340,-72340,197115,93981,103134,1905397
5871,中租-KY,5523051,5938632,-415581,0,0,0,2240000,5673,2234327,66816,71000,1018,69982,1000,4166,-3166,1885562
2451,創見,3467749,2652411,815338,0,0,0,991000,4000,987000,42127,1000,5000,-4000,130857,84730,46127,1844465
1909,榮成,2542031,636000,1906031,0,0,0,0,0,0,-70000,7000,77000,-70000,0,0,0,1836031
1810,和成,2654000,864200,1789800,0,0,0,0,0,0,-4274,1000,5274,-4274,0,0,0,1785526
3550,聯穎,2466000,720474,1745526,0,0,0,0,0,0,-449,1000,1449,-449,0,0,0,1745077
3011,今皓,2329092,600000,1729092,0,0,0,0,0,0,487,3487,3000,487,0,0,0,1729579
2501,國建,4040215,1690000,2350215,0,0,0,0,677000,-677000,-1000,4000,5000,-1000,0,0,0,1672215
3034,聯詠,2868444,3427074,-558630,0,0,0,1941475,23582,1917893,224001,291000,22700,268300,127134,171433,-44299,1583264
2634,漢翔,2744433,1255040,1489393,0,0,0,0,8000,-8000,83338,3000,2000,1000,94184,11846,82338,1564731
2023,燁輝,2822650,1303000,1519650,0,0,0,1000,0,1000,27177,27177,0,27177,0,0,0,1547827
6805,富世達,1148701,429338,719363,0,0,0,755000,6000,749000,58260,178884,135000,43884,36276,21900,14376,1526623
2301,光寶科,18018832,15600371,2418461,0,0,0,82000,776000,-694000,-199810,34000,112022,-78022,569860,691648,-121788,1524651
1308,亞聚,2306772,851000,1455772,0,0,0,0,0,0,41325,40125,8000,32125,9201,1,9200,1497097
1312,國喬,8302100,7146103,1155997,0,0,0,0,0,0,256094,166000,45983,120017,274784,138707,136077,1412091
2357,華碩,1910000,653457,1256543,0,0,0,0,10080,-10080,147612,1000,200,800,256812,110000,146812,1394075
1722,台肥,2567180,1180050,1387130,0,0,0,1000,0,1000,1000,2000,1000,1000,0,0,0,1389130
2637,慧洋-KY,2952511,1406010,1546501,0,0,0,0,227852,-227852,66816,1054,0,1054,99779,34017,65762,1385465
2331,精英,1301000,237000,1064000,0,0,0,0,0,0,313969,134969,94000,40969,273000,0,273000,1377969
3056,富華新,1583469,233642,1349827,0,0,0,0,0,0,1000,1000,0,1000,0,0,0,1350827
1316,上曜,1631000,299000,1332000,0,0,0,0,0,0,0,0,0,0,0,0,0,1332000
2915,潤泰全,1811000,430000,1381000,0,0,0,0,64000,-64000,1786,1892,2106,-214,2000,0,2000,1318786
2547,日勝生,1440272,142000,1298272,0,0,0,0,0,0,15000,17000,2000,15000,0,0,0,1313272
6120,達運,2833166,1991228,841938,0,0,0,50000,0,50000,415152,49000,10000,39000,396152,20000,376152,1307090
3189,景碩,2582885,1647928,934957,0,0,0,19191,4000,15191,353834,177315,48000,129315,257219,32700,224519,1303982
2492,華新科,2634600,1668810,965790,0,0,0,0,0,0,329299,81500,18000,63500,334072,68273,265799,1295089
2520,冠德,1397889,151000,1246889,0,0,0,0,0,0,23589,17661,4000,13661,9928,0,9928,1270478
2645,長榮航太,1508907,474242,1034665,0,0,0,120000,3000,117000,69049,4000,0,4000,83049,18000,65049,1220714
3312,弘憶股,1852520,675310,1177210,0,0,0,0,0,0,29980,35980,6000,29980,0,0,0,1207190
1608,華榮,2078172,870000,1208172,0,0,0,0,19172,-19172,3822,4000,3000,1000,4466,1644,2822,1192822
6214,精誠,1428000,325000,1103000,0,0,0,0,0,0,82500,32000,1000,31000,70500,19000,51500,1185500
3596,智易,1854411,691517,1162894,0,0,0,0,8000,-8000,18476,42,0,42,20856,2422,18434,1173370
2913,農林,1688000,527148,1160852,0,0,0,0,0,0,10878,22000,11122,10878,0,0,0,1171730
1904,正隆,1531403,410001,1121402,None,None,0,1000,0,1000,27477,45477,18000,27477,0,0,0,1149879
6153,嘉聯益,2412532,1236000,1176532,0,0,0,0,0,0,-29914,3000,32914,-29914,0,0,0,1146618
1218,泰山,1209000,122000,1087000,0,0,0,0,0,0,0,0,0,0,0,0,0,1087000
6269,台郡,0,44000,-44000,0,0,0,0,0,0,1128755,1084367,0,1084367,44388,0,44388,1084755
4532,瑞智,1342227,254000,1088227,0,0,0,0,25472,-25472,-6023,0,2023,-2023,0,4000,-4000,1056732
2329,華泰,5446141,3858643,1587498,0,0,0,12000,0,12000,-547893,55000,90273,-35273,202330,714950,-512620,1051605
1310,台苯,2388081,1356000,1032081,0,0,0,0,0,0,14862,20000,5138,14862,0,0,0,1046943
3024,憶聲,1694000,649000,1045000,0,0,0,0,0,0,-2000,4000,6000,-2000,0,0,0,1043000
1711,永光,4083275,3189000,894275,0,0,0,0,0,0,122571,4000,3000,1000,143847,22276,121571,1016846
1314,中石化,12446939,11445606,1001333,0,0,0,0,0,0,10000,15000,5000,10000,0,0,0,1011333
6226,光鼎,1324830,319000,1005830,0,0,0,0,0,0,2000,3000,1000,2000,0,0,0,1007830
2387,精元,1209090,209000,1000090,0,0,0,0,0,0,161,7161,7000,161,0,0,0,1000251
6451,訊芯-KY,1959874,1055768,904106,0,0,0,56000,0,56000,37765,55199,21086,34113,53700,50048,3652,997871
1563,巧新,3316140,2315000,1001140,0,0,0,0,0,0,-9804,8056,22860,-14804,20000,15000,5000,991336
2022,聚亨,1071000,106000,965000,0,0,0,0,0,0,20000,30000,10000,20000,0,0,0,985000
2606,裕民,2788000,2131005,656995,0,0,0,0,32000,-32000,358510,234000,21163,212837,153056,7383,145673,983505
6112,邁達特,1432000,527100,904900,0,0,0,0,0,0,68302,15945,3546,12399,59914,4011,55903,973202
1305,華夏,1682052,755000,927052,0,0,0,0,0,0,20404,35000,14137,20863,70000,70459,-459,947456
2101,南港,2550435,1625121,925314,0,0,0,0,0,0,14404,1000,2596,-1596,21000,5000,16000,939718
4306,炎洲,1407815,503000,904815,0,0,0,0,0,0,28000,36000,8000,28000,0,0,0,932815
6757,台灣虎航,1154000,270022,883978,0,0,0,0,0,0,36523,6000,1000,5000,32523,1000,31523,920501
3015,全漢,1255000,307000,948000,0,0,0,0,0,0,-38005,14995,53000,-38005,0,0,0,909995
2392,正崴,1981024,1394000,587024,0,0,0,0,0,0,318003,23000,1126,21874,336285,40156,296129,905027
1708,東鹼,1257474,379437,878037,0,0,0,0,0,0,13691,0,8000,-8000,30202,8511,21691,891728
2034,允強,1387076,537490,849586,None,None,0,0,0,0,34583,34000,0,34000,633,50,583,884169
4739,康普,3621770,2548208,1073562,0,0,0,0,0,0,-193561,101855,156673,-54818,68035,206778,-138743,880001
9933,中鼎,1846336,956000,890336,0,0,0,0,0,0,-12000,1000,13000,-12000,0,0,0,878336
2201,裕隆,2389828,1549571,840257,0,0,0,46000,0,46000,-9453,7000,3000,4000,4720,18173,-13453,876804
2465,麗臺,1739194,873110,866084,None,None,0,0,0,0,3005,7005,4000,3005,0,0,0,869089
1444,力麗,1602000,769000,833000,None,None,0,0,0,0,21000,29000,8000,21000,0,0,0,854000
8163,達方,2751110,1931090,820020,0,0,0,0,0,0,24811,25300,16585,8715,17927,1831,16096,844831
3005,神基,2415298,1568360,846938,0,0,0,3000,80336,-77336,74986,9000,8956,44,100502,25560,74942,844588
1307,三芳,1145051,288000,857051,0,0,0,0,19411,-19411,1198,0,0,0,1278,80,1198,838838
2390,云辰,1074601,254000,820601,0,0,0,0,0,0,9000,12000,3000,9000,0,0,0,829601
2347,聯強,3471481,3691136,-219655,0,0,0,997000,42610,954390,63582,106000,1000,105000,4000,45418,-41418,798317
2106,建大,1307000,524000,783000,0,0,0,1000,0,1000,11000,11000,0,11000,0,0,0,795000
3704,合勤控,2103197,1314000,789197,0,0,0,0,0,0,-8000,2000,2000,0,0,8000,-8000,781197
4919,新唐,1878787,1165070,713717,0,0,0,0,0,0,58625,4000,2000,2000,81376,24751,56625,772342
2017,官田鋼,819000,62000,757000,0,0,0,0,0,0,13000,18000,5000,13000,0,0,0,770000
3017,奇鋐,2434475,1788935,645540,0,0,0,72001,12000,60001,64200,22860,12000,10860,215804,162464,53340,769741
5876,上海商銀,2487619,8994898,-6507279,0,0,0,7078000,42807,7035193,230337,220000,663,219337,118000,107000,11000,758251
3515,華擎,1032774,351184,681590,0,0,0,6000,0,6000,68633,0,0,0,75021,6388,68633,756223
2009,第一銅,1131050,419000,712050,0,0,0,0,0,0,41951,7000,5049,1951,40000,0,40000,754001
3518,柏騰,1304000,557000,747000,0,0,0,0,0,0,2000,10000,8000,2000,0,0,0,749000
2464,盟立,7553420,6781000,772420,0,0,0,169000,0,169000,-197244,72452,280015,-207563,219262,208943,10319,744176
9958,世紀鋼,1242475,513170,729305,0,0,0,0,0,0,-7786,4037,6444,-2407,6000,11379,-5379,721519
5522,遠雄,989399,413130,576269,0,0,0,0,1000,-1000,146000,147000,1000,146000,0,0,0,721269
2010,春源,1203000,492000,711000,0,0,0,0,0,0,4000,5000,1000,4000,0,0,0,715000
2511,太子,1092000,413000,679000,0,0,0,0,0,0,31000,49000,18000,31000,0,0,0,710000
9934,成霖,1013000,319000,694000,0,0,0,0,0,0,0,0,0,0,0,0,0,694000
2103,台橡,1412101,726207,685894,0,0,0,0,0,0,8021,4000,6000,-2000,15050,5029,10021,693915
3338,泰碩,0,14020,-14020,0,0,0,0,0,0,702328,702328,0,702328,0,0,0,688308
3029,零壹,1184364,543100,641264,0,0,0,0,6447,-6447,50318,40748,10000,30748,20570,1000,19570,685135
2385,群光,2716455,1805293,911162,0,0,0,740000,557992,182008,-410811,9000,420000,-411000,34680,34491,189,682359
2442,新美齊,1141000,471000,670000,0,0,0,0,0,0,2000,2000,0,2000,0,0,0,672000
1612,宏泰,973000,341000,632000,0,0,0,0,17704,-17704,45946,37000,0,37000,8946,0,8946,660242
2379,瑞昱,2661620,3358551,-696931,0,0,0,1559386,170000,1389386,-34046,6000,25069,-19069,28583,43560,-14977,658409
2030,彰源,883000,232000,651000,0,0,0,0,0,0,6000,8000,2000,6000,0,0,0,657000
2905,三商,735000,94000,641000,0,0,0,0,0,0,12997,15000,2003,12997,0,0,0,653997
5608,四維航,1520000,873125,646875,0,0,0,0,0,0,6000,6000,0,6000,0,0,0,652875
3035,智原,2960020,2721308,238712,0,0,0,0,0,0,399880,253998,3000,250998,293421,144539,148882,638592
6206,飛捷,1206863,625293,581570,0,0,0,154000,6118,147882,-92101,1000,125000,-124000,43175,11276,31899,637351
2617,台航,887000,257000,630000,0,0,0,0,0,0,3402,2000,0,2000,1402,0,1402,633402
1455,集盛,839159,251120,588039,0,0,0,0,0,0,19582,28000,8418,19582,0,0,0,607621
1709,和益,725024,134000,591024,0,0,0,0,0,0,8000,12000,4000,8000,0,0,0,599024
5521,工信,1667000,1081000,586000,0,0,0,0,0,0,2000,9000,7000,2000,0,0,0,588000
1476,儒鴻,1925298,1346605,578693,0,0,0,0,2528,-2528,11570,27000,5011,21989,19263,29682,-10419,587735
2461,光群雷,766000,186000,580000,0,0,0,0,0,0,2000,4000,2000,2000,0,0,0,582000
1477,聚陽,1371500,839076,532424,0,0,0,24000,4195,19805,24347,19000,11955,7045,32589,15287,17302,576576
2444,兆勁,626000,51000,575000,0,0,0,0,0,0,-1000,1000,2000,-1000,0,0,0,574000
6592,和潤企業,851527,525000,326527,0,0,0,240000,0,240000,2280,3280,1000,2280,0,0,0,568807
3047,訊舟,926000,371000,555000,0,0,0,0,0,0,9000,12000,3000,9000,0,0,0,564000
2455,全新,957002,333720,623282,0,0,0,42000,20000,22000,-83297,19000,63000,-44000,25209,64506,-39297,561985
2538,基泰,790000,238000,552000,0,0,0,0,0,0,2000,2000,0,2000,0,0,0,554000
3013,晟銘電,2467383,1896433,570950,0,0,0,0,0,0,-18734,1000,0,1000,168659,188393,-19734,552216
1907,永豐餘,941639,404000,537639,0,0,0,1000,0,1000,4951,6000,1049,4951,0,0,0,543590
2636,台驊控股,686000,140000,546000,0,0,0,0,0,0,-4000,0,4000,-4000,0,0,0,542000
4562,穎漢,813072,274000,539072,0,0,0,0,0,0,1008,2008,1000,1008,0,0,0,540080
6901,鑽石投資,754770,236000,518770,0,0,0,0,0,0,7000,9000,2000,7000,0,0,0,525770
2374,佳能,5485742,5241709,244033,0,0,0,0,0,0,281351,0,1000,-1000,469110,186759,282351,525384
3535,晶彩科,1067453,635540,431913,0,0,0,0,0,0,93342,95000,1658,93342,0,0,0,525255
5607,遠雄港,694120,182059,512061,0,0,0,0,0,0,4000,6000,2000,4000,0,0,0,516061
6558,興能高,884161,381000,503161,0,0,0,0,0,0,3000,4000,1000,3000,0,0,0,506161
2530,華建,1059000,528000,531000,0,0,0,0,0,0,-36000,35000,31000,4000,0,40000,-40000,495000
2032,新鋼,643008,157000,486008,0,0,0,0,0,0,8981,11000,2019,8981,0,0,0,494989
2453,凌群,1119000,628290,490710,0,0,0,0,0,0,0,0,0,0,0,0,0,490710
8222,寶一,716000,234000,482000,0,0,0,0,0,0,1000,5000,4000,1000,0,0,0,483000
6835,圓裕,754000,285000,469000,0,0,0,0,0,0,0,0,0,0,0,0,0,469000
8021,尖點,817102,508000,309102,0,0,0,100000,0,100000,58649,4849,5200,-351,60000,1000,59000,467751
9919,康那香,559000,97000,462000,0,0,0,0,0,0,2000,4000,2000,2000,0,0,0,464000
6446,藥華藥,1837551,1445608,391943,0,0,0,84000,0,84000,-12631,65353,77633,-12280,17,368,-351,463312
6550,北極星藥業-KY,2329000,1870205,458795,0,0,0,0,0,0,0,20000,20000,0,0,0,0,458795
2108,南帝,658000,211001,446999,0,0,0,0,0,0,612,2000,1388,612,0,0,0,447611
2439,美律,990000,360000,630000,0,0,0,22000,211000,-189000,5658,13000,13781,-781,24880,18441,6439,446658
2537,聯上發,841447,401360,440087,0,0,0,0,0,0,2758,4000,1242,2758,0,0,0,442845
7750,新代,578584,147494,431090,0,0,0,12000,0,12000,-2372,7000,8479,-1479,5115,6008,-893,440718
3052,夆典,574225,144000,430225,0,0,0,0,0,0,10000,10000,0,10000,0,0,0,440225
2630,亞航,738000,306000,432000,0,0,0,0,0,0,4738,4000,1000,3000,3000,1262,1738,436738
1905,華紙,1358527,977000,381527,0,0,0,0,6000,-6000,59185,45000,4837,40163,38624,19602,19022,434712
3057,喬鼎,637080,201000,436080,0,0,0,0,0,0,-3441,2559,6000,-3441,0,0,0,432639
1227,佳格,1618487,654000,964487,0,0,0,0,541000,-541000,6434,9000,2566,6434,0,0,0,429921
2243,宏旭-KY,1280170,850504,429666,0,0,0,0,1000,-1000,-927,2073,3000,-927,0,0,0,427739
1529,樂事綠能,500000,77118,422882,0,0,0,0,0,0,0,0,0,0,0,0,0,422882
2206,三陽工業,787450,258000,529450,0,0,0,0,114000,-114000,6000,8000,2000,6000,0,0,0,421450
6164,華興,578371,174000,404371,0,0,0,0,0,0,1000,11000,10000,1000,0,0,0,405371
4960,誠美材,3243001,2840000,403001,0,0,0,0,0,0,-1015,20022,21037,-1015,0,0,0,401986
3703,欣陸,889000,490000,399000,0,0,0,0,0,0,1000,1000,0,1000,0,0,0,400000
2104,國際中橡,1435111,1050000,385111,0,0,0,0,0,0,13381,19000,6000,13000,381,0,381,398492
2007,燁興,425000,43000,382000,0,0,0,0,0,0,16000,24000,8000,16000,0,0,0,398000
2845,遠東銀,7333494,6973028,360466,0,0,0,0,0,0,31000,0,1000,-1000,32000,0,32000,391466
1229,聯華,1331000,980000,351000,0,0,0,34000,0,34000,6000,0,0,0,8000,2000,6000,391000
6531,愛普*,3799198,3674620,124578,0,0,0,285141,3000,282141,-24920,12000,7000,5000,218215,248135,-29920,381799
9802,鈺齊-KY,1027988,543985,484003,0,0,0,0,110000,-110000,-274,3158,3432,-274,0,0,0,373729
1515,力山,548000,175000,373000,0,0,0,0,0,0,-691,1000,1691,-691,0,0,0,372309
9940,信義,507039,143000,364039,0,0,0,0,0,0,8000,11000,3000,8000,0,0,0,372039
2597,潤弘,626388,335000,291388,0,0,0,0,0,0,78000,2000,0,2000,76000,0,76000,369388
9917,中保科,557026,141670,415356,0,0,0,7000,57000,-50000,2000,2000,0,2000,0,0,0,367356
5531,鄉林,507000,141000,366000,0,0,0,0,0,0,0,0,0,0,0,0,0,366000
3321,同泰,527780,165000,362780,0,0,0,0,0,0,0,0,0,0,0,0,0,362780
1201,味全,510000,148000,362000,0,0,0,0,0,0,697,697,0,697,0,0,0,362697
6753,龍德造船,873000,508000,365000,0,0,0,0,0,0,-4212,27,3000,-2973,6032,7271,-1239,360788
3090,日電貿,783050,436300,346750,0,0,0,0,0,0,11920,13000,4000,9000,18999,16079,2920,358670
1536,和大,2196190,1946192,249998,0,0,0,0,0,0,105369,66000,29199,36801,96054,27486,68568,355367
2471,資通,696830,349000,347830,0,0,0,0,0,0,3165,5165,2000,3165,0,0,0,350995
2462,良得電,413000,75000,338000,0,0,0,0,0,0,10110,11110,1000,10110,0,0,0,348110
2458,義隆,1012414,2016993,-1004579,0,0,0,1342000,10640,1331360,20285,2402,3431,-1029,31070,9756,21314,347066
9939,宏全,434346,196000,238346,0,0,0,116000,10622,105378,1109,4004,2895,1109,0,0,0,344833
9941,裕融,1207432,852373,355059,0,0,0,0,9310,-9310,-1000,0,1000,-1000,0,0,0,344749
2497,怡利電,1076081,773177,302904,0,0,0,7000,0,7000,29011,24671,17660,7011,22000,0,22000,338915
7721,微程式,634000,305000,329000,0,0,0,0,0,0,9464,9464,0,9464,0,0,0,338464
2468,華經,420000,94000,326000,0,0,0,0,0,0,8014,8014,0,8014,0,0,0,334014
2491,吉祥全,550000,225000,325000,0,0,0,0,0,0,6872,6872,0,6872,0,0,0,331872
6414,樺漢,1055338,923930,131408,0,0,0,246000,12000,234000,-34812,4000,138000,-134000,111981,12793,99188,330596
2611,志信,427224,99000,328224,0,0,0,0,0,0,0,0,0,0,0,0,0,328224
2345,智邦,1635415,1278650,356765,0,0,0,76000,43000,33000,-64775,11999,89000,-77001,53846,41620,12226,324990
2258,鴻華先進-創,715000,374000,341000,0,0,0,0,0,0,-16733,0,0,0,44267,61000,-16733,324267
8011,台通,773000,456000,317000,0,0,0,0,0,0,3000,7000,4000,3000,0,0,0,320000
5285,界霖,1036330,716000,320330,0,0,0,0,0,0,-1224,2000,3224,-1224,0,0,0,319106
8081,致新,330864,476000,-145136,0,0,0,456000,0,456000,6890,0,0,0,11863,4973,6890,317754
1723,中碳,637381,344000,293381,0,0,0,0,0,0,20941,19000,0,19000,4941,3000,1941,314322
3592,瑞鼎,306208,369271,-63063,0,0,0,382000,2713,379287,-3350,0,0,0,11000,14350,-3350,312874
8072,陞泰,345742,34000,311742,0,0,0,0,0,0,1000,3000,2000,1000,0,0,0,312742
8404,百和興業-KY,368150,66000,302150,0,0,0,0,0,0,8000,10000,2000,8000,0,0,0,310150
1313,聯成,4014000,3703318,310682,0,0,0,0,0,0,-976,12634,26000,-13366,12390,0,12390,309706
8114,振樺電,602000,788000,-186000,0,0,0,487000,0,487000,1911,442,34,408,10795,9292,1503,302911
1217,愛之味,404000,108290,295710,0,0,0,0,0,0,1000,1000,0,1000,0,0,0,296710
2478,大毅,469377,191000,278377,0,0,0,0,0,0,17768,11000,5234,5766,25000,12998,12002,296145
6152,百一,597300,302000,295300,0,0,0,0,0,0,-4000,0,4000,-4000,0,0,0,291300
2612,中航,623110,316000,307110,0,0,0,0,0,0,-15928,1000,3000,-2000,18005,31933,-13928,291182
5706,鳳凰,318000,33000,285000,0,0,0,0,0,0,1000,1000,0,1000,0,0,0,286000
1219,福壽,349394,72000,277394,0,0,0,0,0,0,8000,8000,0,8000,0,0,0,285394
5269,祥碩,420552,333560,86992,0,0,0,143000,1000,142000,56080,8000,0,8000,81437,33357,48080,285072
1618,合機,477290,197000,280290,0,0,0,0,0,0,2002,2000,0,2000,2,0,2,282292
2440,太空梭,497131,221110,276021,0,0,0,0,0,0,5000,5000,0,5000,0,0,0,281021
2368,金像電,2912351,2409863,502488,0,0,0,7000,223000,-216000,-5961,13150,33354,-20204,65899,51656,14243,280527
4142,國光生,541000,268000,273000,0,0,0,0,0,0,7194,7000,0,7000,194,0,194,280194
4958,臻鼎-KY,3982723,2014902,1967821,0,0,0,245000,1576000,-1331000,-358095,56680,483012,-426332,303379,235142,68237,278726
2031,新光鋼,569000,278000,291000,0,0,0,0,15129,-15129,2000,4000,2000,2000,0,0,0,277871
3588,通嘉,465020,189000,276020,0,0,0,0,0,0,1000,1000,0,1000,0,0,0,277020
9946,三發地產,356000,79000,277000,0,0,0,0,0,0,-1000,0,1000,-1000,0,0,0,276000
3050,鈺德,419000,151000,268000,0,0,0,0,0,0,6000,9000,3000,6000,0,0,0,274000
2608,嘉里大榮,375000,101000,274000,0,0,0,0,0,0,-1,0,0,0,1000,1001,-1,273999
4720,德淵,757000,485000,272000,0,0,0,0,1000,-1000,2000,2000,0,2000,0,0,0,273000
3038,全台,489379,220000,269379,0,0,0,0,0,0,3000,4000,1000,3000,0,0,0,272379
3022,威強電,648100,279200,368900,0,0,0,0,104000,-104000,5419,12000,2852,9148,6031,9760,-3729,270319
4989,榮科,3620060,3293120,326940,0,0,0,0,0,0,-59951,0,60000,-60000,75174,75125,49,266989
7768,頌勝科技,268000,9000,259000,0,0,0,0,0,0,6855,6855,0,6855,0,0,0,265855
3041,揚智,530286,265000,265286,0,0,0,0,0,0,0,0,0,0,0,0,0,265286
2402,毅嘉,2425813,2393275,32538,0,0,0,0,0,0,230950,1000,0,1000,375104,145154,229950,263488
3645,達邁,1270453,996300,274153,0,0,0,0,1000,-1000,-11512,1000,0,1000,18421,30933,-12512,261641
2417,圓剛,2866000,2611000,255000,0,0,0,0,0,0,5202,12230,7028,5202,0,0,0,260202
4976,佳凌,437000,180000,257000,0,0,0,0,0,0,3000,4000,1000,3000,0,0,0,260000
2420,新巨,319000,85000,234000,0,0,0,11000,0,11000,15000,19000,4000,15000,0,0,0,260000
3027,盛達,339000,87000,252000,0,0,0,0,0,0,7000,11000,4000,7000,0,0,0,259000
9136,巨騰-DR,657000,401000,256000,0,0,0,0,0,0,116,116,0,116,0,0,0,256116
1337,再生-KY,538000,305000,233000,0,0,0,0,0,0,22000,22000,0,22000,0,0,0,255000
2038,海光,324000,83304,240696,0,0,0,0,0,0,12000,17000,5000,12000,0,0,0,252696
2851,中再保,1207399,452185,755214,0,0,0,0,487000,-487000,-17025,4000,21025,-17025,0,0,0,251189
3661,世芯-KY,922702,691611,231091,0,0,0,5000,2000,3000,16563,2000,19000,-17000,233469,199906,33563,250654
4555,氣立,547000,297375,249625,0,0,0,0,0,0,915,3000,2085,915,0,0,0,250540
2020,美亞,408000,154000,254000,0,0,0,0,0,0,-5405,2000,7405,-5405,0,0,0,248595
1789,神隆,453560,210000,243560,0,0,0,0,0,0,3000,4000,1000,3000,0,0,0,246560
2838,聯邦銀,1220000,1035000,185000,0,0,0,0,0,0,61245,1000,1755,-755,62000,0,62000,246245
4968,立積,429000,197050,231950,0,0,0,0,0,0,14234,1000,444,556,27281,13603,13678,246184
4178,永笙-KY,302000,79000,223000,0,0,0,0,0,0,23000,23000,0,23000,0,0,0,246000
1231,聯華食,355000,111000,244000,0,0,0,0,0,0,1938,2938,1000,1938,0,0,0,245938
6768,志強-KY,321181,111120,210061,0,0,0,0,7695,-7695,42959,1000,1701,-701,43660,0,43660,245325
5519,隆大,452000,207000,245000,0,0,0,0,0,0,-237,0,237,-237,0,0,0,244763
2477,美隆電,336115,94110,242005,0,0,0,0,0,0,-4000,0,4000,-4000,0,0,0,238005
2450,神腦,347134,110000,237134,0,0,0,0,0,0,0,0,0,0,0,0,0,237134
4551,智伸科,391120,161474,229646,0,0,0,0,0,0,7390,17000,5351,11649,3641,7900,-4259,237036
1436,華友聯,311000,74000,237000,0,0,0,0,0,0,0,1000,1000,0,0,0,0,237000
2495,普安,4621547,4430808,190739,0,0,0,38000,0,38000,7736,15000,2529,12471,47685,52420,-4735,236475
4956,光鋐,865000,624000,241000,0,0,0,0,1000,-1000,-4001,5000,9001,-4001,0,0,0,235999
3701,大眾控,625000,394080,230920,0,0,0,0,0,0,3927,1000,0,1000,3027,100,2927,234847
9955,佳龍,314309,80000,234309,0,0,0,0,0,0,-1000,1000,2000,-1000,0,0,0,233309
6477,安集,336000,105000,231000,0,0,0,0,0,0,2000,2000,0,2000,0,0,0,233000
5225,東科-KY,309000,81000,228000,0,0,0,0,0,0,-416,0,416,-416,0,0,0,227584
2527,宏璟,261000,42000,219000,0,0,0,0,0,0,5611,6000,389,5611,0,0,0,224611
8271,宇瞻,2247922,2032201,215721,0,0,0,0,1000,-1000,9590,3000,2109,891,59025,50326,8699,224311
1514,亞力,1551618,1349000,202618,0,0,0,22000,0,22000,-724,18000,3670,14330,44232,59286,-15054,223894
1533,車王電,329000,108000,221000,0,0,0,0,0,0,1000,4000,3000,1000,0,0,0,222000
1460,宏遠,238000,16000,222000,0,0,0,0,0,0,0,0,0,0,0,0,0,222000
1342,八貫,241000,20000,221000,0,0,0,0,0,0,0,0,0,0,0,0,0,221000
2211,長榮鋼,666000,233000,433000,0,0,0,150000,363259,-213259,434,3000,3300,-300,734,0,734,220175
6416,瑞祺電通,247060,27000,220060,0,0,0,0,0,0,0,0,0,0,0,0,0,220060
2727,王品,263000,51000,212000,0,0,0,0,0,0,7243,5000,0,5000,2243,0,2243,219243
7827,漢康-KY創,342000,117000,225000,0,0,0,0,0,0,-6000,0,0,0,10000,16000,-6000,219000
2397,友通,375000,156000,219000,0,0,0,0,0,0,0,0,0,0,0,0,0,219000
2029,盛餘,251000,39000,212000,0,0,0,0,0,0,2674,3000,326,2674,0,0,0,214674
4746,台耀,551451,339000,212451,0,0,0,0,0,0,1487,0,1000,-1000,2572,85,2487,213938
2395,研華,1598033,1568862,29171,0,0,0,211000,0,211000,-26864,4000,38000,-34000,95970,88834,7136,213307
1615,大山,242050,29000,213050,0,0,0,0,0,0,0,0,0,0,0,0,0,213050
3051,力特,1123000,920320,202680,0,0,0,0,0,0,5258,8000,2742,5258,0,0,0,207938
2613,中櫃,451000,244000,207000,0,0,0,0,0,0,0,0,0,0,0,0,0,207000
6830,汎銓,530000,326969,203031,0,0,0,10000,0,10000,-6106,0,4000,-4000,46581,48687,-2106,206925
1440,南紡,2540367,2429000,111367,0,0,0,1000,0,1000,94394,96109,8715,87394,7000,0,7000,206761
6890,來億-KY,533199,447413,85786,0,0,0,85000,0,85000,35103,23000,0,23000,12674,571,12103,205889
1540,喬福,321000,125000,196000,0,0,0,0,0,0,8000,11000,3000,8000,0,0,0,204000
2107,厚生,268000,63000,205000,0,0,0,0,0,0,-1000,0,1000,-1000,0,0,0,204000
3443,創意,1543781,1471373,72408,0,0,0,146064,1000,145064,-13488,42000,53837,-11837,90378,92029,-1651,203984
9914,美利達,646100,434000,212100,0,0,0,0,0,0,-9036,1001,10035,-9034,0,2,-2,203064
1338,廣華-KY,243000,45000,198000,0,0,0,0,0,0,4000,4000,0,4000,0,0,0,202000
2376,技嘉,12133791,16595969,-4462178,0,0,0,4171000,0,4171000,491557,391000,104632,286368,674749,469560,205189,200379
912000,晨訊科-DR,266000,66000,200000,0,0,0,0,0,0,0,0,0,0,0,0,0,200000
1806,冠軍,215000,17000,198000,0,0,0,0,0,0,2000,6000,4000,2000,0,0,0,200000
4137,麗豐-KY,180000,111094,68906,0,0,0,0,0,0,131000,131000,0,131000,0,0,0,199906
6177,達麗,662495,469642,192853,0,0,0,0,0,0,6000,3000,1000,2000,4000,0,4000,198853
2614,東森,377816,178000,199816,0,0,0,0,0,0,-1347,2653,4000,-1347,0,0,0,198469
9935,慶豐富,268000,75000,193000,0,0,0,0,0,0,0,0,0,0,0,0,0,193000
2072,世紀風電,299000,106000,193000,0,0,0,0,0,0,0,0,0,0,0,0,0,193000
4564,元翎,369064,181090,187974,0,0,0,0,0,0,4065,5000,935,4065,0,0,0,192039
8045,達運光電,333149,121000,212149,0,0,0,0,0,0,-20759,5,21000,-20995,1045,809,236,191390
1451,年興,206488,19000,187488,0,0,0,0,0,0,1000,1000,0,1000,0,0,0,188488
6024,群益期,272106,84000,188106,0,0,0,0,0,0,0,0,0,0,0,0,0,188106
3060,銘異,1072806,891000,181806,0,0,0,0,0,0,4927,6000,1073,4927,0,0,0,186733
3669,圓展,309079,124000,185079,0,0,0,0,0,0,1436,1436,0,1436,0,0,0,186515
6136,富爾特,208012,23000,185012,0,0,0,0,0,0,1000,1000,0,1000,0,0,0,186012
2429,銘旺科,220000,40000,180000,0,0,0,0,0,0,0,0,0,0,0,0,0,180000
6196,帆宣,707977,569541,138436,0,0,0,60000,0,60000,-19853,1074,22183,-21109,21198,19942,1256,178583
2069,運錩,212000,35000,177000,0,0,0,0,0,0,1000,1000,0,1000,0,0,0,178000
5907,大洋-KY,195000,18000,177000,0,0,0,0,0,0,0,0,0,0,0,0,0,177000
2616,山隆,240000,68000,172000,0,0,0,0,0,0,4603,16000,11397,4603,0,0,0,176603
1442,名軒,446000,272000,174000,0,0,0,0,0,0,1029,1000,32,968,61,0,61,175029
6541,泰福-KY,399840,226000,173840,0,0,0,0,0,0,0,7000,7000,0,0,0,0,173840
2467,志聖,635020,483491,151529,0,0,0,23146,1000,22146,-679,3000,11023,-8023,20164,12820,7344,172996
4585,達明,455272,311070,144202,0,0,0,0,0,0,27958,2000,1000,1000,47561,20603,26958,172160
4104,佳醫,188000,17000,171000,0,0,0,0,0,0,0,0,0,0,0,0,0,171000
1416,廣豐,174000,4000,170000,0,0,0,0,0,0,0,0,0,0,0,0,0,170000
3092,鴻碩,487107,315000,172107,0,0,0,0,0,0,-6395,3136,9531,-6395,0,0,0,165712
1598,岱宇,242020,81000,161020,0,0,0,0,0,0,4000,7000,3000,4000,0,0,0,165020
2430,燦坤,167000,3000,164000,0,0,0,0,0,0,0,0,0,0,0,0,0,164000
1721,三晃,381000,220000,161000,0,0,0,0,0,0,0,0,0,0,0,0,0,161000
9103,美德醫療-DR,535000,375000,160000,0,0,0,0,0,0,500,0,0,0,500,0,500,160500
3004,豐達科,293120,117013,176107,0,0,0,0,0,0,-17524,2000,14204,-12204,0,5320,-5320,158583
1464,得力,226088,69000,157088,0,0,0,0,0,0,0,0,0,0,0,0,0,157088
3543,州巧,332000,175000,157000,0,0,0,0,0,0,0,0,0,0,0,0,0,157000
6670,復盛應用,261326,160000,101326,0,0,0,54000,2368,51632,3890,349,2000,-1651,5541,0,5541,156848
6283,淳安,295048,139000,156048,0,0,0,0,0,0,0,7000,7000,0,0,0,0,156048
2723,美食-KY,183000,29000,154000,0,0,0,0,0,0,2000,3000,1000,2000,0,0,0,156000
6142,友勁,330055,173000,157055,0,0,0,0,0,0,-3000,2000,5000,-3000,0,0,0,154055
2536,宏普,211000,62000,149000,0,0,0,0,0,0,5000,6000,1000,5000,0,0,0,154000
3094,聯傑,607120,455160,151960,0,0,0,0,0,0,1363,4000,2637,1363,0,0,0,153323
2514,龍邦,264000,100000,164000,0,0,0,0,0,0,-10955,14045,25000,-10955,0,0,0,153045
6743,安普新,286000,135000,151000,0,0,0,0,0,0,2000,2000,0,2000,0,0,0,153000
2707,晶華,169000,20000,149000,0,0,0,0,0,0,0,0,0,0,0,0,0,149000
2607,榮運,389193,330000,59193,0,0,0,0,0,0,88000,88000,0,88000,0,0,0,147193
6205,詮欣,391000,245472,145528,0,0,0,0,0,0,1453,9477,8024,1453,0,0,0,146981
2233,宇隆,474471,281010,193461,0,0,0,0,0,0,-46581,0,48000,-48000,15295,13876,1419,146880
2344,華邦電,86791532,93559189,-6767657,0,0,0,6005147,53000,5952147,961569,1160000,242284,917716,2864867,2821014,43853,146059
1104,環泥,436003,294000,142003,0,0,0,0,0,0,3998,4000,2,3998,0,0,0,146001
3008,大立光,416281,311868,104413,0,0,0,2000,0,2000,39541,9020,8200,820,78972,40251,38721,145954
3257,虹冠電,515000,370000,145000,0,0,0,0,0,0,0,2000,2000,0,0,0,0,145000
9908,大台北,176000,32000,144000,0,0,0,0,0,0,0,0,0,0,0,0,0,144000
2545,皇翔,215062,75500,139562,0,0,0,0,0,0,4000,5000,1000,4000,0,0,0,143562
2534,宏盛,446100,313000,133100,0,0,0,0,0,0,10000,10000,0,10000,0,0,0,143100
3437,榮創,509001,373000,136001,0,0,0,0,0,0,4000,4000,0,4000,0,0,0,140001
3031,佰鴻,1068181,925000,143181,0,0,0,0,1000,-1000,-2556,4000,6556,-2556,0,0,0,139625
6776,展碁國際,225100,88000,137100,0,0,0,0,0,0,0,0,0,0,0,0,0,137100
3501,維熹,294130,160000,134130,0,0,0,0,0,0,916,4000,3084,916,0,0,0,135046
2425,承啟,395001,246000,149001,0,0,0,0,0,0,-14000,0,14000,-14000,0,0,0,135001
1713,國化,154000,19000,135000,0,0,0,0,0,0,0,0,0,0,0,0,0,135000
4552,力達-KY,148000,14000,134000,0,0,0,0,0,0,0,0,0,0,0,0,0,134000
6472,保瑞,373900,266660,107240,0,0,0,0,14000,-14000,40550,4000,2000,2000,50748,12198,38550,133790
4195,基米-創,146000,19000,127000,0,0,0,0,0,0,6000,0,0,0,6000,0,6000,133000
6197,佳必琪,2106792,2003001,103791,0,0,0,48000,0,48000,-19063,52734,115535,-62801,96475,52737,43738,132728
3583,辛耘,671195,518066,153129,0,0,0,0,31000,-31000,10519,3000,3000,0,39338,28819,10519,132648
2852,第一保,229000,110000,119000,0,0,0,0,0,0,11000,15000,4000,11000,0,0,0,130000
1720,生達,203000,77053,125947,0,0,0,0,0,0,2000,3000,1000,2000,0,0,0,127947
3043,科風,137461,10000,127461,0,0,0,0,0,0,0,0,0,0,0,0,0,127461
3653,健策,708522,1075481,-366959,0,0,0,519300,4000,515300,-21109,28550,35457,-6907,106088,120290,-14202,127232
1419,新紡,171112,46000,125112,0,0,0,0,0,0,1340,2000,1000,1000,418,78,340,126452
2762,世界健身-KY,152041,24000,128041,0,0,0,0,0,0,-3000,1000,4000,-3000,0,0,0,125041
4942,嘉彰,135000,11000,124000,0,0,0,0,0,0,-23,0,23,-23,0,0,0,123977
1471,首利,527000,403850,123150,0,0,0,0,0,0,-778,6222,7000,-778,0,0,0,122372
2483,百容,228000,109000,119000,0,0,0,0,0,0,3000,3000,0,3000,0,0,0,122000
6834,天二科技,204000,84000,120000,0,0,0,0,0,0,2000,2000,0,2000,0,0,0,122000
4536,拓凱,142000,21000,121000,0,0,0,0,0,0,900,3000,2100,900,0,0,0,121900
6216,居易,215130,95000,120130,0,0,0,0,0,0,236,1000,764,236,0,0,0,120366
4414,如興,188000,82000,106000,0,0,0,0,0,0,14000,21000,7000,14000,0,0,0,120000
1524,耿鼎,913718,799848,113870,0,0,0,0,0,0,5982,8000,2018,5982,0,0,0,119852
2505,國揚,181952,64000,117952,0,0,0,0,0,0,0,0,0,0,0,0,0,117952
8213,志超,410000,306000,104000,0,0,0,0,0,0,13104,13000,0,13000,1975,1871,104,117104
3622,洋華,241000,127000,114000,0,0,0,0,0,0,2159,0,18,-18,2475,298,2177,116159
2535,達欣工,296230,181000,115230,0,0,0,0,0,0,0,4000,4000,0,0,0,0,115230
4934,太極,584120,477000,107120,0,0,0,0,0,0,7000,8000,1000,7000,0,0,0,114120
2506,太設,118000,4000,114000,0,0,0,0,0,0,0,0,0,0,0,0,0,114000
2524,京城,145000,29000,116000,0,0,0,0,0,0,-2000,0,2000,-2000,0,0,0,114000
2062,橋椿,195000,82000,113000,0,0,0,0,0,0,-57,1000,1057,-57,0,0,0,112943
4736,泰博,128000,18000,110000,0,0,0,2000,0,2000,0,0,0,0,0,0,0,112000
8341,日友,152620,42000,110620,0,0,0,0,0,0,1000,1000,0,1000,0,0,0,111620
1225,福懋油,137000,13000,124000,0,0,0,0,0,0,-13000,0,0,0,0,13000,-13000,111000
6589,台康生技,597000,505000,92000,0,0,0,0,0,0,17898,20000,2102,17898,0,0,0,109898
1409,新纖,1000,531000,-530000,0,0,0,0,0,0,639130,477043,0,477043,162087,0,162087,109130
1732,毛寶,130000,21000,109000,0,0,0,0,0,0,0,0,0,0,0,0,0,109000
4119,旭富,182000,74705,107295,0,0,0,0,0,0,0,2000,2000,0,10000,10000,0,107295
7795,長廣,194000,91000,103000,0,0,0,0,0,0,3052,3052,0,3052,0,0,0,106052
1323,永裕,111000,9000,102000,0,0,0,0,0,0,2000,3000,1000,2000,0,0,0,104000
3311,閎暉,384553,283080,101473,0,0,0,0,0,0,1823,6000,4177,1823,0,0,0,103296
1733,五鼎,113170,19000,94170,0,0,0,0,0,0,9000,10000,1000,9000,0,0,0,103170
9911,櫻花,266460,164000,102460,0,0,0,0,0,0,0,0,0,0,0,0,0,102460
7821,神數,204000,119000,85000,0,0,0,0,0,0,16000,16000,0,16000,0,0,0,101000
1734,杏輝,223000,111000,112000,0,0,0,0,0,0,-11000,0,11000,-11000,0,0,0,101000
6117,迎廣,317000,216110,100890,0,0,0,0,0,0,-1097,2000,2097,-97,0,1000,-1000,99793
4755,三福化,239907,147732,92175,0,0,0,8000,0,8000,-529,0,1000,-1000,472,1,471,99646
1459,聯發,114000,15000,99000,0,0,0,0,0,0,0,0,0,0,0,0,0,99000
3686,達能,126000,30000,96000,0,0,0,0,0,0,3000,4000,1000,3000,0,0,0,99000
3716,中化控股,115704,27000,88704,0,0,0,0,0,0,9000,14000,5000,9000,0,0,0,97704
6933,AMAX-KY,135000,44000,91000,0,0,0,0,0,0,6582,16582,10000,6582,0,0,0,97582
2546,根基,106000,9000,97000,0,0,0,0,0,0,0,0,0,0,0,0,0,97000
5484,慧友,305000,234100,70900,0,0,0,0,0,0,25670,25670,0,25670,0,0,0,96570
4545,銘鈺,273301,181766,91535,0,0,0,0,0,0,3460,4460,1000,3460,0,0,0,94995
1340,勝悅-KY,135000,52000,83000,0,0,0,0,0,0,11000,13000,2000,11000,0,0,0,94000
2415,錩新,112000,21000,91000,0,0,0,0,0,0,2000,2000,0,2000,0,0,0,93000
2482,連宇,119000,30000,89000,0,0,0,0,0,0,3481,7000,3519,3481,0,0,0,92481
3607,谷崧,436368,344000,92368,0,0,0,0,0,0,0,0,0,0,0,0,0,92368
3447,展達,177592,88000,89592,0,0,0,0,0,0,2000,4000,2000,2000,0,0,0,91592
2488,漢平,111080,20000,91080,0,0,0,0,0,0,0,0,0,0,0,0,0,91080
2601,益航,1031000,957481,73519,0,0,0,0,0,0,17378,17378,0,17378,0,0,0,90897
1210,大成,1325000,1335710,-10710,0,0,0,0,7000,-7000,107940,111000,2060,108940,0,1000,-1000,90230
1446,宏和,100000,15000,85000,0,0,0,0,0,0,5000,6000,1000,5000,0,0,0,90000
1616,億泰,257645,146000,111645,0,0,0,0,0,0,-22610,47000,1649,45351,0,67961,-67961,89035
6277,宏正,302050,213000,89050,0,0,0,0,0,0,-942,1000,1000,0,6100,7042,-942,88108
6790,永豐實,152389,65000,87389,0,0,0,0,0,0,0,0,0,0,0,0,0,87389
8210,勤誠,339604,273975,65629,0,0,0,1000,0,1000,20489,10000,0,10000,34864,24375,10489,87118
6698,旭暉應材,906000,822000,84000,0,0,0,0,0,0,2089,3089,1000,2089,0,0,0,86089
2849,安泰銀,101000,28000,73000,0,0,0,0,0,0,11000,11000,0,11000,0,0,0,84000
3605,宏致,899664,827000,72664,0,0,0,0,0,0,10975,0,0,0,25060,14085,10975,83639
1517,利奇,83000,3000,80000,0,0,0,0,0,0,3000,3000,0,3000,0,0,0,83000
2832,台產,126000,44000,82000,0,0,0,0,0,0,355,0,0,0,508,153,355,82355
3308,聯德,148000,66000,82000,0,0,0,0,0,0,-1000,3000,4000,-1000,0,0,0,81000
4582,聚恆-創,144000,63000,81000,0,0,0,0,0,0,0,0,0,0,9000,9000,0,81000
6689,伊雲谷,110000,41000,69000,0,0,0,0,0,0,10739,10739,0,10739,0,0,0,79739
2365,昆盈,1859000,1791000,68000,0,0,0,0,0,0,11615,10000,4359,5641,6009,35,5974,79615
1414,東和,106000,34000,72000,0,0,0,0,0,0,6000,8000,2000,6000,0,0,0,78000
3296,勝德,90000,13000,77000,0,0,0,0,0,0,127,127,0,127,0,0,0,77127
8462,柏文,95732,18000,77732,0,0,0,0,0,0,-2000,0,2000,-2000,0,0,0,75732
3054,立萬利,101000,24000,77000,0,0,0,0,0,0,-2031,1000,3031,-2031,0,0,0,74969
4766,南寶,269106,234638,34468,0,0,0,39000,2000,37000,3142,0,0,0,7142,4000,3142,74610
3209,全科,1014814,950017,64797,0,0,0,0,3000,-3000,12639,1000,1657,-657,32375,19079,13296,74436
7610,聯友金屬-創,111002,37000,74002,0,0,0,0,0,0,0,0,0,0,0,0,0,74002
3705,永信,124529,51000,73529,0,0,0,0,0,0,0,0,0,0,0,0,0,73529
1735,日勝化,150000,79000,71000,0,0,0,0,0,0,1000,1000,0,1000,0,0,0,72000
1531,高林股,80000,8000,72000,0,0,0,0,0,0,0,0,0,0,0,0,0,72000
6715,嘉基,93914,96000,-2086,0,0,0,71000,1000,70000,4034,1000,2000,-1000,8810,3776,5034,71948
4571,鈞興-KY,322315,243000,79315,0,0,0,0,0,0,-7766,5000,7196,-2196,1814,7384,-5570,71549
2006,東和鋼鐵,1107968,772100,335868,0,0,0,0,247765,-247765,-16889,0,1473,-1473,5000,20416,-15416,71214
4108,懷特,75000,6000,69000,0,0,0,0,0,0,2000,4000,2000,2000,0,0,0,71000
3557,嘉威,93000,25300,67700,0,0,0,0,0,0,3000,5000,2000,3000,0,0,0,70700
1903,士紙,112060,40018,72042,0,0,0,0,0,0,-2000,5000,1000,4000,0,6000,-6000,70042
4590,富田-創,78000,10000,68000,0,0,0,0,0,0,1802,2000,0,2000,0,198,-198,69802
5283,禾聯碩,89120,19600,69520,0,0,0,0,0,0,0,0,0,0,0,0,0,69520
2460,建通,182000,113000,69000,0,0,0,0,0,0,0,0,0,0,0,0,0,69000
2923,鼎固-KY,110000,44000,66000,0,0,0,0,0,0,3000,21000,18000,3000,0,0,0,69000
2705,六福,153000,84001,68999,0,0,0,0,0,0,0,0,0,0,0,0,0,68999
2364,倫飛,115230,49000,66230,0,0,0,0,0,0,2000,2000,0,2000,0,0,0,68230
6606,建德工業,79000,15000,64000,0,0,0,0,0,0,3000,3000,0,3000,0,0,0,67000
1417,嘉裕,79000,9000,70000,0,0,0,0,0,0,-3000,0,3000,-3000,0,0,0,67000
2706,第一店,73000,6000,67000,0,0,0,0,0,0,0,0,0,0,0,0,0,67000
2911,麗嬰房,59000,401,58599,0,0,0,0,0,0,8000,8000,0,8000,0,0,0,66599
2348,海悅,136332,69000,67332,0,0,0,0,0,0,-989,0,1000,-1000,11,0,11,66343
1325,恆大,133000,68000,65000,0,0,0,0,0,0,1000,1000,0,1000,0,0,0,66000
1736,喬山,340166,453000,-112834,0,0,0,175000,0,175000,3345,5000,1655,3345,0,0,0,65511
1737,臺鹽,79000,14000,65000,0,0,0,0,0,0,0,0,0,0,0,0,0,65000
1526,日馳,75000,8000,67000,0,0,0,0,0,0,-2000,0,2000,-2000,0,0,0,65000
6491,晶碩,181164,95016,86148,0,0,0,0,0,0,-23011,5000,22000,-17000,0,6011,-6011,63137
3652,精聯,132100,64000,68100,0,0,0,0,0,0,-5000,4000,9000,-5000,0,0,0,63100
8429,金麗-KY,85000,22000,63000,0,0,0,0,0,0,0,0,0,0,0,0,0,63000
8476,台境*,193000,132000,61000,0,0,0,0,0,0,2000,2000,0,2000,0,0,0,63000
3617,碩天,140584,78000,62584,0,0,0,0,0,0,400,1000,389,611,0,211,-211,62984
3346,麗清,0,67000,-67000,0,0,0,0,0,0,129214,129214,0,129214,0,0,0,62214
1527,鑽全,175001,112000,63001,0,0,0,0,0,0,-1000,0,1000,-1000,0,0,0,62001
6625,必應,73000,14000,59000,0,0,0,0,0,0,1653,2000,1015,985,1000,332,668,60653
2414,精技,145000,84700,60300,0,0,0,0,0,0,0,0,0,0,0,0,0,60300
6412,群電,2626696,1373450,1253246,0,0,0,23000,1300000,-1277000,83813,0,0,0,145390,61577,83813,60059
5306,桂盟,88000,29051,58949,0,0,0,0,0,0,1000,1000,0,1000,0,0,0,59949
6230,尼得科超眾,95100,36281,58819,0,0,0,0,0,0,759,1378,619,759,0,0,0,59578
9942,茂順,68490,9000,59490,0,0,0,0,0,0,0,1000,1000,0,0,0,0,59490
5288,豐祥-KY,98174,39160,59014,0,0,0,0,0,0,38,38,0,38,0,0,0,59052
4771,望隼,104000,45000,59000,0,0,0,0,0,0,0,0,0,0,0,0,0,59000
9918,欣天然,67000,8000,59000,0,0,0,0,0,0,0,0,0,0,0,0,0,59000
9943,好樂迪,64000,5000,59000,0,0,0,0,0,0,0,0,0,0,0,0,0,59000
3266,昇陽,59000,6000,53000,0,0,0,0,0,0,6000,8000,2000,6000,0,0,0,59000
1762,中化生,141000,80638,60362,0,0,0,0,0,0,-2000,2000,4000,-2000,0,0,0,58362
4169,泰宗,71000,20000,51000,0,0,0,0,0,0,7000,7000,0,7000,0,0,0,58000
6165,浪凡,203000,145000,58000,0,0,0,0,0,0,0,0,0,0,0,0,0,58000
9902,台火,78000,20000,58000,0,0,0,0,0,0,-784,0,784,-784,0,0,0,57216
2472,立隆電,328310,300975,27335,0,0,0,25000,1000,24000,5790,6000,1100,4900,91000,90110,890,57125
1532,勤美,519075,462000,57075,0,0,0,0,0,0,-110,0,110,-110,0,0,0,56965
5515,建國,296200,244000,52200,0,0,0,0,0,0,4403,55,1000,-945,5348,0,5348,56603
6128,上福,63000,7000,56000,0,0,0,0,0,0,0,0,0,0,0,0,0,56000
1456,怡華,56000,3000,53000,0,0,0,0,0,0,3000,3000,0,3000,0,0,0,56000
2102,泰豐,184000,127000,57000,0,0,0,0,0,0,-1000,1000,2000,-1000,0,0,0,56000
4588,玖鼎電力,97000,41000,56000,0,0,0,0,0,0,-198,1000,1198,-198,0,0,0,55802
4106,雃博,92000,42000,50000,0,0,0,0,0,0,5426,7426,2000,5426,0,0,0,55426
1466,聚隆,88000,38000,50000,0,0,0,0,0,0,5000,6000,1000,5000,0,0,0,55000
6869,雲豹能源,283327,227000,56327,0,0,0,0,0,0,-2220,1000,0,1000,4738,7958,-3220,54107
1805,寶徠,49000,1000,48000,0,0,0,0,0,0,6000,8000,2000,6000,0,0,0,54000
2509,全坤建,66000,12000,54000,0,0,0,0,0,0,0,0,0,0,0,0,0,54000
2504,國產,1430033,1377200,52833,0,0,0,0,0,0,1000,2000,1000,1000,0,0,0,53833
2701,萬企,56000,3000,53000,0,0,0,0,0,0,0,0,0,0,0,0,0,53000
2013,中鋼構,78000,26000,52000,0,0,0,0,0,0,459,0,0,0,459,0,459,52459
2228,劍麟,89000,39000,50000,0,0,0,0,0,0,1691,3000,1309,1691,0,0,0,51691
6668,中揚光,183000,132000,51000,0,0,0,0,0,0,0,0,0,0,0,0,0,51000
3002,歐格,284000,240000,44000,0,0,0,0,0,0,6876,7256,380,6876,0,0,0,50876
3048,益登,3241130,3034000,207130,0,0,0,0,0,0,-156553,21000,20893,107,47000,203660,-156660,50577
2025,千興,45000,2000,43000,0,0,0,0,0,0,7000,7000,0,7000,0,0,0,50000
1776,展宇,54000,9000,45000,0,0,0,0,0,0,4000,4000,0,4000,0,0,0,49000
1558,伸興,65000,16000,49000,0,0,0,0,0,0,0,0,0,0,3000,3000,0,49000
9906,欣巴巴,98000,52000,46000,0,0,0,0,0,0,3000,4000,1000,3000,0,0,0,49000
2906,高林,50000,7000,43000,0,0,0,0,0,0,6000,6000,0,6000,0,0,0,49000
1108,幸福,114000,66000,48000,0,0,0,0,0,0,0,0,0,0,0,0,0,48000
1535,中宇,58000,9300,48700,0,0,0,0,0,0,-1000,0,1000,-1000,0,0,0,47700
4557,永新-KY,91000,46000,45000,0,0,0,0,0,0,2000,3000,1000,2000,0,0,0,47000
6928,攸泰科技,100000,53000,47000,0,0,0,0,0,0,0,2000,2000,0,0,0,0,47000
3679,新至陞,66846,18000,48846,0,0,0,0,0,0,-2000,0,1000,-1000,0,1000,-1000,46846
6885,全福生技,239220,196141,43079,0,0,0,0,0,0,3016,4016,1000,3016,0,0,0,46095
9937,全國,43000,0,43000,0,0,0,0,0,0,2566,2000,0,2000,566,0,566,45566
2908,特力,106092,61000,45092,0,0,0,0,0,0,0,0,0,0,0,0,0,45092
6796,晉弘,78000,33000,45000,0,0,0,0,0,0,0,1000,1000,0,0,0,0,45000
8464,億豐,796868,775411,21457,0,0,0,0,448,-448,23271,28000,0,28000,2271,7000,-4729,44280
1339,昭輝,106020,59000,47020,0,0,0,0,0,0,-2959,6091,9050,-2959,0,0,0,44061
2236,百達-KY,148583,88000,60583,0,0,0,0,0,0,-16934,0,0,0,0,16934,-16934,43649
2109,華豐,46000,3000,43000,0,0,0,0,0,0,0,0,0,0,0,0,0,43000
6133,金橋,337000,295000,42000,0,0,0,0,0,0,1000,1000,0,1000,0,0,0,43000
6585,鼎基,75672,33000,42672,0,0,0,0,0,0,0,1000,1000,0,0,0,0,42672
1454,台富,67000,26000,41000,0,0,0,0,0,0,1000,3000,2000,1000,0,0,0,42000
4426,利勤,72000,26000,46000,0,0,0,0,0,0,-4000,10000,14000,-4000,0,0,0,42000
7799,禾榮科,175773,131020,44753,0,0,0,0,0,0,-2893,0,1000,-1000,2107,4000,-1893,41860
6598,ABC-KY,54000,15000,39000,0,0,0,0,0,0,2000,2000,0,2000,0,0,0,41000
6657,華安,76000,36000,40000,0,0,0,0,0,0,1000,1000,0,1000,0,0,0,41000
2748,雲品,64000,22000,42000,0,0,0,0,0,0,-1000,0,1000,-1000,0,0,0,41000
1760,寶齡富錦,75000,36000,39000,0,0,0,0,0,0,2000,2000,0,2000,0,0,0,41000
3591,艾笛森,468250,430008,38242,0,0,0,0,0,0,2657,6000,3343,2657,0,0,0,40899
2383,台光電,1510940,792538,718402,0,0,0,10000,664000,-654000,-24082,8480,33217,-24737,70602,69947,655,40320
2012,春雨,42000,2000,40000,0,0,0,0,0,0,0,0,0,0,0,0,0,40000
6931,青松健康,48000,8000,40000,0,0,0,0,0,0,0,0,0,0,0,0,0,40000
5534,長虹,468000,325129,142871,0,0,0,0,0,0,-103008,4000,2292,1708,0,104716,-104716,39863
4999,鑫禾,47000,7000,40000,0,0,0,0,0,0,-329,2097,2426,-329,0,0,0,39671
5244,弘凱,92000,55000,37000,0,0,0,0,0,0,2000,2000,0,2000,0,0,0,39000
1103,嘉泥,190000,155000,35000,0,0,0,0,0,0,4000,4000,0,4000,0,0,0,39000
1475,業旺,40000,2000,38000,0,0,0,0,0,0,1000,1000,0,1000,0,0,0,39000
2739,寒舍,47000,11000,36000,0,0,0,0,0,0,3000,5000,2000,3000,0,0,0,39000
020030,統一智慧電動車N,0,0,0,0,0,0,0,0,0,39000,0,0,0,40000,1000,39000,39000
3019,亞光,1865134,1744000,121134,0,0,0,0,0,0,-82398,4000,79886,-75886,42260,48772,-6512,38736
2015,豐興,229000,234300,-5300,0,0,0,0,5000,-5000,49000,49000,2000,47000,2000,0,2000,38700
4583,台灣精銳,62643,29284,33359,0,0,0,0,0,0,4326,1000,0,1000,4606,1280,3326,37685
3416,融程電,138349,105000,33349,0,0,0,0,0,0,4286,2000,1000,1000,8000,4714,3286,37635
1506,正道,38000,8000,30000,0,0,0,0,0,0,7629,9000,1371,7629,0,0,0,37629
4441,振大環球,70153,33000,37153,0,0,0,0,0,0,0,0,0,0,0,0,0,37153
9930,中聯資源,52026,15000,37026,0,0,0,0,0,0,0,0,0,0,0,0,0,37026
4569,六方科-KY,98000,61000,37000,0,0,0,0,0,0,0,0,0,0,0,0,0,37000
6722,輝創,40000,3000,37000,0,0,0,0,0,0,0,0,0,0,0,0,0,37000
1445,大宇,38000,2000,36000,0,0,0,0,0,0,1000,1000,0,1000,0,0,0,37000
1437,勤益控,55000,18000,37000,0,0,0,0,0,0,0,0,0,0,0,0,0,37000
7818,溢泰實業,55000,18250,36750,0,0,0,0,0,0,0,0,0,0,0,0,0,36750
6838,台新藥,54000,17000,37000,0,0,0,0,0,0,-1000,2000,3000,-1000,0,0,0,36000
2433,互盛電,38000,2000,36000,0,0,0,0,0,0,0,0,0,0,0,0,0,36000
1449,佳和,842000,814000,28000,0,0,0,0,0,0,7881,15881,8000,7881,0,0,0,35881
1537,廣隆,68062,33000,35062,0,0,0,0,0,0,0,0,0,0,0,0,0,35062
020028,元大特選電動車N,0,0,0,0,0,0,0,0,0,35000,0,0,0,35000,0,35000,35000
6994,富威電力,287000,250000,37000,0,0,0,0,0,0,-2718,0,0,0,364,3082,-2718,34282
1725,元禎,80000,44000,36000,0,0,0,0,0,0,-2006,0,2006,-2006,0,0,0,33994
2115,六暉-KY,37000,6000,31000,0,0,0,0,0,0,2000,6000,4000,2000,0,0,0,33000
3040,遠見,104000,70000,34000,0,0,0,0,0,0,-1000,0,1000,-1000,0,0,0,33000
2438,翔耀,179000,146070,32930,0,0,0,0,0,0,0,1000,1000,0,0,0,0,32930
6958,日盛台駿,42224,18000,24224,0,0,0,0,0,0,8000,12000,4000,8000,0,0,0,32224
6951,青新-創,39000,10000,29000,0,0,0,0,0,0,3000,0,0,0,3000,0,3000,32000
2904,匯僑,36000,4000,32000,0,0,0,0,0,0,0,0,0,0,0,0,0,32000
1603,華電,144000,115000,29000,0,0,0,0,0,0,3000,4000,1000,3000,0,0,0,32000
9927,泰銘,56000,24000,32000,0,0,0,0,0,0,0,0,0,0,0,0,0,32000
2457,飛宏,1474000,1681000,-207000,0,0,0,0,0,0,238597,35000,14021,20979,222615,4997,217618,31597
4961,天鈺,261000,602146,-341146,0,0,0,384000,0,384000,-11371,0,3000,-3000,4040,12411,-8371,31483
3003,健和興,229100,200249,28851,0,0,0,0,0,0,2241,9000,6759,2241,0,0,0,31092
2033,佳大,30000,6000,24000,0,0,0,0,0,0,7000,10000,3000,7000,0,0,0,31000
7732,金興精密,32000,1000,31000,0,0,0,0,0,0,0,0,0,0,0,0,0,31000
6742,澤米,53000,9000,44000,0,0,0,0,0,0,-13000,2000,0,2000,0,15000,-15000,31000
8442,威宏-KY,46000,15000,31000,0,0,0,0,0,0,0,0,0,0,0,0,0,31000
6581,鋼聯,60139,30000,30139,0,0,0,0,0,0,0,1000,1000,0,0,0,0,30139
8940,新天地,29000,2000,27000,0,0,0,0,0,0,3000,3000,0,3000,0,0,0,30000
8367,建新國際,33000,3000,30000,0,0,0,0,0,0,0,0,0,0,0,0,0,30000
1906,寶隆,36000,7000,29000,0,0,0,0,0,0,1000,1000,0,1000,0,0,0,30000
1452,宏益,59000,34000,25000,0,0,0,0,0,0,5000,6000,1000,5000,0,0,0,30000
3138,耀登,332535,300000,32535,0,0,0,0,0,0,-3276,0,0,0,2000,5276,-3276,29259
2375,凱美,450450,375500,74950,0,0,0,0,0,0,-45739,13000,54000,-41000,172850,177589,-4739,29211
3494,誠研,44000,20000,24000,0,0,0,0,0,0,5000,5000,0,5000,0,0,0,29000
5533,皇鼎,49000,20000,29000,0,0,0,0,0,0,0,0,0,0,0,0,0,29000
1110,東泥,44000,26000,18000,0,0,0,0,0,0,11000,13000,2000,11000,0,0,0,29000
1234,黑松,59081,31000,28081,0,0,0,0,0,0,320,0,0,0,1000,680,320,28401
1817,凱撒衛,30000,1000,29000,0,0,0,0,0,0,-997,0,0,0,4003,5000,-997,28003
4148,全宇生技-KY,31000,7000,24000,0,0,0,0,0,0,4000,4000,0,4000,0,0,0,28000
5007,三星,32000,4000,28000,0,0,0,0,0,0,0,0,0,0,0,0,0,28000
4164,承業醫,370000,332000,38000,0,0,0,0,0,0,-10000,0,10000,-10000,0,0,0,28000
6272,驊陞,186000,157000,29000,0,0,0,0,0,0,-2000,0,2000,-2000,0,0,0,27000
6641,基士德-KY,36000,14000,22000,0,0,0,0,0,0,5000,5000,0,5000,0,0,0,27000
6792,詠業,79000,53000,26000,0,0,0,0,0,0,1000,2000,1000,1000,0,0,0,27000
3530,晶相光,109000,83000,26000,0,0,0,0,0,0,268,1000,732,268,0,0,0,26268
3032,偉訓,386871,326000,60871,0,0,0,0,0,0,-34632,1000,1136,-136,2660,37156,-34496,26239
2227,裕日車,30000,3836,26164,0,0,0,0,0,0,0,0,0,0,0,0,0,26164
6863,永道-KY,56080,30000,26080,0,0,0,0,0,0,-1,0,1,-1,0,0,0,26079
4566,時碩工業,1244000,1217000,27000,0,0,0,0,0,0,-1000,4000,5000,-1000,0,0,0,26000
1474,弘裕,71000,38000,33000,0,0,0,0,0,0,-7000,0,7000,-7000,0,0,0,26000
2929,淘帝-KY,101000,74000,27000,0,0,0,0,0,0,-1000,0,1000,-1000,0,0,0,26000
020020,元大台股領航N,0,0,0,0,0,0,0,0,0,25000,0,0,0,39000,14000,25000,25000
4560,強信-KY,95000,70000,25000,0,0,0,0,0,0,0,0,0,0,0,0,0,25000
1473,台南,35000,10000,25000,0,0,0,0,0,0,0,0,0,0,0,0,0,25000
1465,偉全,28000,3000,25000,0,0,0,0,0,0,0,0,0,0,0,0,0,25000
5203,訊連,350251,328000,22251,0,0,0,0,0,0,2679,3780,1101,2679,0,0,0,24930
6873,泓德能源,254866,244541,10325,0,0,0,0,0,0,14310,3000,0,3000,11533,223,11310,24635
2028,威致,48296,33000,15296,0,0,0,0,0,0,9000,9000,0,9000,0,0,0,24296
1583,程泰,60000,37000,23000,0,0,0,0,0,0,1000,3000,2000,1000,0,0,0,24000
2816,旺旺保,96000,73000,23000,0,0,0,0,0,0,1000,1000,0,1000,0,0,0,24000
2424,隴華,28000,4100,23900,0,0,0,0,0,0,0,0,0,0,0,0,0,23900
5222,全訊,140010,116841,23169,0,0,0,0,1000,-1000,1481,0,220,-220,2700,999,1701,23650
1795,美時,337283,365000,-27717,0,0,0,28000,0,28000,23289,1000,1000,0,34071,10782,23289,23572
6281,全國電,87000,64000,23000,0,0,0,0,0,0,0,0,0,0,0,0,0,23000
2731,雄獅,244420,266000,-21580,0,0,0,0,0,0,44000,58000,0,58000,4000,18000,-14000,22420
6887,寶綠特-KY,22000,2000,20000,0,0,0,0,0,0,2151,2151,0,2151,0,0,0,22151
5525,順天,45000,19000,26000,0,0,0,0,0,0,-4000,0,4000,-4000,0,0,0,22000
8487,愛爾達-創,25000,3000,22000,0,0,0,0,0,0,0,0,0,0,0,0,0,22000
1453,大將,26000,4000,22000,0,0,0,0,0,0,0,0,0,0,0,0,0,22000
1423,利華,46000,25000,21000,0,0,0,0,0,0,1000,1000,0,1000,0,0,0,22000
2540,愛山林,243172,229490,13682,0,0,0,0,0,0,7000,7000,0,7000,0,0,0,20682
1786,科妍,113000,96000,17000,0,0,0,0,0,0,3415,2000,791,1209,2206,0,2206,20415
6923,中台,60100,40000,20100,0,0,0,0,0,0,0,0,0,0,0,0,0,20100
6794,向榮生技,30000,11000,19000,0,0,0,0,0,0,1000,1000,0,1000,0,0,0,20000
4572,駐龍,28000,10000,18000,0,0,0,0,0,0,2000,2000,0,2000,0,0,0,20000
1236,宏亞,18000,0,18000,0,0,0,0,0,0,2000,2000,0,2000,0,0,0,20000
1321,大洋,90000,72000,18000,0,0,0,0,0,0,2000,2000,0,2000,0,0,0,20000
2250,IKKA-KY,53551,37000,16551,0,0,0,0,0,0,2981,3000,19,2981,0,0,0,19532
1623,大東電,31000,12000,19000,0,0,0,0,0,0,0,0,0,0,0,0,0,19000
2373,震旦行,20000,1000,19000,0,0,0,0,0,0,0,0,0,0,0,0,0,19000
6918,愛派司,28000,9000,19000,0,0,0,0,0,0,0,0,0,0,0,0,0,19000
6934,心誠鎂,31000,13000,18000,0,0,0,0,0,0,1000,1000,0,1000,0,0,0,19000
8201,無敵,21000,1000,20000,0,0,0,0,0,0,-1000,1000,2000,-1000,0,0,0,19000
020032,元大綠能N,0,0,0,0,0,0,0,0,0,19000,0,0,0,20000,1000,19000,19000
1783,和康生,36000,21000,15000,0,0,0,0,0,0,3874,4000,126,3874,0,0,0,18874
7822,倍利科,36369,17712,18657,0,0,0,0,0,0,-29,1000,1029,-29,0,0,0,18628
6906,現觀科,22000,4000,18000,0,0,0,0,0,0,294,2000,1706,294,0,0,0,18294
1463,強盛新,20000,2000,18000,0,0,0,0,0,0,0,0,0,0,0,0,0,18000
8463,潤泰材,22000,6000,16000,0,0,0,0,0,0,2000,2000,0,2000,0,0,0,18000
8467,波力-KY,22000,4000,18000,0,0,0,0,0,0,0,0,0,0,0,0,0,18000
6645,金萬林-創,16000,0,16000,0,0,0,0,0,0,2000,0,0,0,10000,8000,2000,18000
1441,大東,18000,0,18000,0,0,0,0,0,0,0,0,0,0,0,0,0,18000
1626,艾美特-KY,24000,4000,20000,0,0,0,0,0,0,-2000,0,2000,-2000,0,0,0,18000
4440,宜新實業,19000,1000,18000,0,0,0,0,0,0,0,0,0,0,0,0,0,18000
6782,視陽,116000,98087,17913,0,0,0,0,0,0,0,0,0,0,0,0,0,17913
2836,高雄銀,804000,796000,8000,0,0,0,0,0,0,9822,14000,4178,9822,0,0,0,17822
3563,牧德,182371,151000,31371,0,0,0,0,24000,-24000,9796,1000,1000,0,34255,24459,9796,17167
1512,瑞利,22000,1000,21000,0,0,0,0,0,0,-4000,0,4000,-4000,0,0,0,17000
2008,高興昌,17000,3000,14000,0,0,0,0,0,0,3000,3000,0,3000,0,0,0,17000
9931,欣高,25000,8000,17000,0,0,0,0,0,0,0,0,0,0,0,0,0,17000
2432,倚天酷碁-創,26000,8000,18000,0,0,0,0,0,0,-1000,0,0,0,7000,8000,-1000,17000
9924,福興,56000,43000,13000,0,0,0,0,0,0,3000,3000,0,3000,0,0,0,16000
5538,東明-KY,25000,10000,15000,0,0,0,0,0,0,1000,3000,2000,1000,0,0,0,16000
6464,台數科,19000,3000,16000,0,0,0,0,0,0,0,0,0,0,0,0,0,16000
8482,商億-KY,15000,0,15000,0,0,0,0,0,0,0,0,0,0,0,0,0,15000
2314,台揚,15000,0,15000,0,0,0,0,0,0,0,0,0,0,0,0,0,15000
2945,三商家購,17000,2000,15000,0,0,0,0,0,0,0,1000,1000,0,0,0,0,15000
1457,宜進,33000,8000,25000,0,0,0,0,0,0,-10000,0,10000,-10000,0,0,0,15000
2702,華園,43000,32000,11000,0,0,0,0,0,0,3369,16369,13000,3369,0,0,0,14369
2901,欣欣,15000,3000,12000,0,0,0,0,0,0,2000,2000,0,2000,0,0,0,14000
6754,匯僑設計,31000,17000,14000,0,0,0,0,0,0,0,0,0,0,0,0,0,14000
6916,華凌,16000,4000,12000,0,0,0,0,0,0,2000,2000,0,2000,0,0,0,14000
5292,華懋,107525,97000,10525,0,0,0,0,0,0,3126,0,0,0,4441,1315,3126,13651
6674,鋐寶科技,17000,4000,13000,0,0,0,0,0,0,0,0,0,0,0,0,0,13000
6936,永鴻生技,14000,2000,12000,0,0,0,0,0,0,0,0,0,0,0,0,0,12000
7760,享溫馨,65000,11000,54000,0,0,0,0,0,0,-42000,2000,44000,-42000,0,0,0,12000
7803,雲象科技-創,21000,9000,12000,0,0,0,0,0,0,0,0,0,0,0,0,0,12000
2712,遠雄來,15000,3000,12000,0,0,0,0,0,0,0,0,0,0,0,0,0,12000
2254,巨鎧精密-創,10000,7000,3000,0,0,0,0,0,0,9000,0,0,0,17000,8000,9000,12000
1410,南染,23000,13000,10000,0,0,0,0,0,0,2000,4000,2000,2000,0,0,0,12000
6969,成信實業*-創,13000,4000,9000,0,0,0,0,0,0,2623,0,0,0,6623,4000,2623,11623
6655,科定,11000,0,11000,0,0,0,0,0,0,0,0,0,0,0,0,0,11000
6671,三能-KY,11000,1000,10000,0,0,0,0,0,0,1000,1000,0,1000,3000,3000,0,11000
5215,科嘉-KY,64000,63000,1000,0,0,0,0,0,0,10000,10000,0,10000,0,0,0,11000
5546,永固-KY,11000,2000,9000,0,0,0,0,0,0,2000,2000,0,2000,0,0,0,11000
6504,南六,18000,7000,11000,0,0,0,0,0,0,0,0,0,0,0,0,0,11000
1235,興泰,21000,10000,11000,0,0,0,0,0,0,0,0,0,0,0,0,0,11000
2024,志聯,11000,0,11000,0,0,0,0,0,0,0,0,0,0,0,0,0,11000
2722,夏都,13000,2000,11000,0,0,0,0,0,0,0,0,0,0,0,0,0,11000
2882B,國泰金乙特,0,0,0,0,0,0,0,0,0,11000,11000,0,11000,0,0,0,11000
1614,三洋電,23000,11000,12000,0,0,0,0,0,0,-1000,0,1000,-1000,0,0,0,11000
4438,廣越,47000,33000,14000,0,0,0,0,0,0,-3022,3005,6027,-3022,0,0,0,10978
2897,王道銀行,5821000,4270000,1551000,0,0,0,0,1552000,-1552000,11949,13000,1051,11949,0,0,0,10949
6183,關貿,24000,12000,12000,0,0,0,0,0,0,-1100,1000,1000,0,1000,2100,-1100,10900
8488,吉源-KY,18000,4000,14000,0,0,0,0,0,0,-4000,0,4000,-4000,0,0,0,10000
1470,大統新創,11000,1000,10000,0,0,0,0,0,0,0,0,0,0,0,0,0,10000
3164,景岳,19000,8000,11000,0,0,0,0,0,0,-1000,0,1000,-1000,0,0,0,10000
3168,眾福科,28000,17000,11000,0,0,0,0,0,0,-1000,0,1000,-1000,0,0,0,10000
2248,華勝-KY,11000,1000,10000,0,0,0,0,0,0,0,0,0,0,0,0,0,10000
1203,味王,19000,9000,10000,0,0,0,0,0,0,0,0,0,0,0,0,0,10000
1468,昶和,8000,0,8000,0,0,0,0,0,0,2000,2000,0,2000,0,0,0,10000
1730,花仙子,10000,1000,9000,0,0,0,0,0,0,859,0,0,0,1000,141,859,9859
2434,統懋,54000,44001,9999,0,0,0,0,0,0,-346,0,346,-346,0,0,0,9653
8478,東哥遊艇,86292,76000,10292,0,0,0,0,0,0,-1000,0,1000,-1000,0,0,0,9292
4737,華廣,30001,20000,10001,0,0,0,0,0,0,-1000,0,1000,-1000,0,0,0,9001
8443,阿瘦,9000,0,9000,0,0,0,0,0,0,0,0,0,0,0,0,0,9000
9926,新海,16000,7000,9000,0,0,0,0,0,0,0,0,0,0,0,0,0,9000
2516,新建,23000,14000,9000,0,0,0,0,0,0,0,0,0,0,0,0,0,9000
1541,錩泰,25000,20000,5000,0,0,0,0,0,0,4000,4000,0,4000,0,0,0,9000
1726,永記,21000,12000,9000,0,0,0,0,0,0,0,0,0,0,0,0,0,9000
6771,平和環保-創,9000,0,9000,0,0,0,0,0,0,0,0,0,0,0,0,0,9000
1413,宏洲,10000,1000,9000,0,0,0,0,0,0,0,0,0,0,0,0,0,9000
1443,立益物流,12000,3000,9000,0,0,0,0,0,0,0,0,0,0,0,0,0,9000
1309,台達化,1422024,1492000,-69976,0,0,0,0,0,0,78323,10000,4000,6000,72657,334,72323,8347
4994,傳奇,16000,9000,7000,0,0,0,0,0,0,1000,1000,0,1000,0,0,0,8000
2887E,台新新光戊特一,8000,0,8000,0,0,0,0,0,0,0,0,0,0,0,0,0,8000
6807,峰源-KY,13000,5000,8000,0,0,0,0,0,0,0,0,0,0,0,0,0,8000
1341,富林-KY,8000,1000,7000,0,0,0,0,0,0,0,0,0,0,0,0,0,7000
7823,奧義賽博-KY創,7000,0,7000,0,0,0,0,0,0,0,0,0,0,0,0,0,7000
9912,偉聯,5000,0,5000,0,0,0,0,0,0,2000,3000,1000,2000,0,0,0,7000
1439,雋揚,10000,3000,7000,0,0,0,0,0,0,0,0,0,0,0,0,0,7000
9929,秋雨,10000,4000,6000,0,0,0,0,0,0,63,63,0,63,0,0,0,6063
6952,大武山,10000,4000,6000,0,0,0,0,0,0,0,0,0,0,0,0,0,6000
1315,達新,13000,7000,6000,0,0,0,0,0,0,0,0,0,0,0,0,0,6000
1525,江申,14000,8000,6000,0,0,0,0,0,0,0,0,0,0,4000,4000,0,6000
6184,大豐電,20000,14000,6000,0,0,0,0,0,0,0,0,0,0,0,0,0,6000
7705,三商餐飲,12000,5000,7000,0,0,0,0,0,0,-1000,4000,5000,-1000,0,0,0,6000
2059,川湖,319836,399084,-79248,0,0,0,83000,0,83000,1977,7777,11123,-3346,32020,26697,5323,5729
1256,鮮活果汁-KY,109337,100023,9314,0,0,0,0,0,0,-4000,1000,5000,-4000,0,0,0,5314
3229,晟鈦,310000,325240,-15240,0,0,0,0,0,0,20304,24304,4000,20304,0,0,0,5064
2910,統領,7000,2000,5000,0,0,0,0,0,0,0,0,0,0,0,0,0,5000
2939,永邑-KY,6000,1000,5000,0,0,0,0,0,0,0,0,0,0,0,0,0,5000
2891B,中信金乙特,0,0,0,0,0,0,0,0,0,5000,5000,0,5000,0,0,0,5000
1220,台榮,14000,9000,5000,0,0,0,0,0,0,0,0,0,0,0,0,0,5000
6666,羅麗芬-KY,11000,6000,5000,0,0,0,0,0,0,0,0,0,0,0,0,0,5000
5906,台南-KY,5000,0,5000,0,0,0,0,0,0,0,0,0,0,0,0,0,5000
1418,東華,12000,10000,2000,0,0,0,0,0,0,2000,2000,0,2000,0,0,0,4000
4581,光隆精密-KY,6000,2000,4000,0,0,0,0,0,0,0,0,0,0,0,0,0,4000
2423,固緯,85000,78000,7000,0,0,0,0,0,0,-3000,2000,5000,-3000,0,0,0,4000
4190,佐登-KY,11000,7000,4000,0,0,0,0,0,0,0,0,0,0,0,0,0,4000
2380,虹光,4000,0,4000,0,0,0,0,0,0,0,0,0,0,0,0,0,4000
3150,鈺寶-創,12000,9000,3000,0,0,0,0,0,0,90,0,0,0,3090,3000,90,3090
4439,冠星-KY,7000,4000,3000,0,0,0,0,0,0,0,0,0,0,0,0,0,3000
1467,南緯,103000,100000,3000,0,0,0,0,0,0,0,0,0,0,0,0,0,3000
1438,三地開發,13000,10000,3000,0,0,0,0,0,0,0,0,0,0,0,0,0,3000
020039,元大加權N,0,0,0,0,0,0,0,0,0,3000,0,0,0,4000,1000,3000,3000
8481,政伸,7000,4000,3000,0,0,0,0,0,0,0,0,0,0,0,0,0,3000
6201,亞弘電,11000,9000,2000,0,0,0,0,0,0,0,0,0,0,0,0,0,2000
6988,威力暘-創,6000,6000,0,0,0,0,0,0,0,2000,2000,1000,1000,16000,15000,1000,2000
6955,邦睿生技-創,4000,2000,2000,0,0,0,0,0,0,-4,0,0,0,10000,10004,-4,1996
1516,川飛,15000,15000,0,0,0,0,0,0,0,1001,1001,0,1001,0,0,0,1001
2891C,中信金丙特,0,0,0,0,0,0,0,0,0,1000,1000,0,1000,0,0,0,1000
1472,三洋實業,2000,1000,1000,0,0,0,0,0,0,0,0,0,0,0,0,0,1000
2881B,富邦金乙特,0,0,0,0,0,0,0,0,0,1000,1000,0,1000,0,0,0,1000
2496,卓越,2000,1000,1000,0,0,0,0,0,0,0,0,0,0,0,0,0,1000
9938,百和,1041000,1055000,-14000,0,0,0,0,13837,-13837,28286,29133,847,28286,0,0,0,449
3130,一零四,13173,12999,174,0,0,0,0,0,0,0,0,0,0,0,0,0,174
6225,天瀚,0,0,0,0,0,0,0,0,0,44,44,0,44,0,0,0,44
6921,嘉雨思-創,5000,5000,0,0,0,0,0,0,0,0,0,0,0,0,0,0,0
9944,新麗,15000,15000,0,0,0,0,0,0,0,0,0,0,0,0,0,0,0
1324,地球,12000,10000,2000,0,0,0,0,0,0,-2000,0,2000,-2000,0,0,0,0
4930,燦星網,13000,13000,0,0,0,0,0,0,0,0,0,0,0,0,0,0,0
1519,華城,801567,745448,56119,0,0,0,0,100000,-100000,43626,32123,23993,8130,42777,7281,35496,-255
7730,暉盛-創,31000,31260,-260,0,0,0,0,0,0,-93,0,0,0,0,93,-93,-353
8101,華冠,0,1000,-1000,0,0,0,0,0,0,9,9,0,9,0,0,0,-991
7631,聚賢研發-創,1007,2000,-993,0,0,0,0,0,0,0,0,0,0,0,0,0,-993
910322,康師傅-DR,6000,7000,-1000,0,0,0,0,0,0,0,0,0,0,0,0,0,-1000
2704,國賓,48000,50000,-2000,0,0,0,0,0,0,1000,1000,0,1000,0,0,0,-1000
6672,騰輝電子-KY,1081100,1074060,7040,0,0,0,0,1000,-1000,-7851,6000,12494,-6494,16178,17535,-1357,-1811
8411,福貞-KY,17000,28000,-11000,0,0,0,0,0,0,9000,12000,3000,9000,0,0,0,-2000
6914,阜爾運通,44000,46000,-2000,0,0,0,0,0,0,0,0,0,0,0,0,0,-2000
2887Z1,台新新光己特,0,2000,-2000,0,0,0,0,0,0,0,0,0,0,0,0,0,-2000
3593,力銘,0,2000,-2000,0,0,0,0,0,0,0,0,0,0,0,0,0,-2000
1109,信大,38000,40000,-2000,0,0,0,0,0,0,-145,2000,2145,-145,0,0,0,-2145
7722,LINEPAY,65320,70841,-5521,0,0,0,0,0,0,2585,0,0,0,4945,2360,2585,-2936
6431,光麗-KY,62000,65000,-3000,0,0,0,0,0,0,0,1000,1000,0,0,0,0,-3000
2002A,中鋼特,0,3000,-3000,0,0,0,0,0,0,0,0,0,0,0,0,0,-3000
2836A,高雄銀甲特,0,3000,-3000,0,0,0,0,0,0,0,0,0,0,0,0,0,-3000
2466,冠西電,41000,45000,-4000,0,0,0,0,0,0,1000,1000,0,1000,0,0,0,-3000
6965,中傑-KY,26000,29000,-3000,0,0,0,0,0,0,-1000,2000,3000,-1000,0,0,0,-4000
7736,虎山,11000,16000,-5000,0,0,0,0,0,0,1000,1000,0,1000,0,0,0,-4000
4133,亞諾法,19000,23000,-4000,0,0,0,0,0,0,0,0,0,0,0,0,0,-4000
1233,天仁,8000,14000,-6000,0,0,0,0,0,0,2000,2000,0,2000,0,0,0,-4000
6924,榮惠-KY創,3000,6000,-3000,0,0,0,0,0,0,-1018,0,0,0,2000,3018,-1018,-4018
2239,英利-KY,26000,31000,-5000,0,0,0,0,0,0,589,1000,411,589,0,0,0,-4411
01001T,土銀富邦R1,0,5000,-5000,0,0,0,0,0,0,0,0,0,0,0,0,0,-5000
1752,南光,9000,15000,-6000,0,0,0,0,0,0,0,0,0,0,0,0,0,-6000
6582,申豐,23000,31000,-8000,0,0,0,0,0,0,2000,3000,1000,2000,0,0,0,-6000
9905,大華,35000,42000,-7000,0,0,0,0,0,0,0,0,0,0,0,0,0,-7000
7780,大研生醫*,267000,275100,-8100,0,0,0,0,0,0,179,2000,1587,413,0,234,-234,-7921
1707,葡萄王,165000,173134,-8134,0,0,0,0,0,0,-1000,0,1000,-1000,0,0,0,-9134
910861,神州-DR,8000,18000,-10000,0,0,0,0,0,0,0,0,0,0,0,0,0,-10000
020038,元大ESG配息N,0,0,0,0,0,0,0,0,0,-10000,0,0,0,7000,17000,-10000,-10000
7791,皇家可口,11000,21000,-10000,0,0,0,0,0,0,0,0,0,0,0,0,0,-10000
020034,元大IC設計N,0,0,0,0,0,0,0,0,0,-11000,0,0,0,21000,32000,-11000,-11000
5258,虹堡,385000,399000,-14000,0,0,0,0,0,0,600,1000,400,600,0,0,0,-13400
020000,富邦特選蘋果N,0,0,0,0,0,0,0,0,0,-14000,0,0,0,0,14000,-14000,-14000
8438,昶昕,102000,116010,-14010,0,0,0,0,0,0,-13,2000,2013,-13,0,0,0,-14023
1539,巨庭,26000,48000,-22000,0,0,0,0,0,0,7901,10000,2099,7901,0,0,0,-14099
3010,華立,500000,516000,-16000,0,0,0,132000,123000,9000,-7181,2000,0,2000,1160,10341,-9181,-14181
020031,統一IC設計臺灣N,0,0,0,0,0,0,0,0,0,-15000,0,0,0,7000,22000,-15000,-15000
3528,安馳,18000,50000,-32000,0,0,0,0,0,0,16901,16901,0,16901,0,0,0,-15099
3533,嘉澤,414253,367543,46710,0,0,0,0,72000,-72000,9454,7000,9000,-2000,31168,19714,11454,-15836
2359,所羅門,4291800,4574360,-282560,0,0,0,0,0,0,266638,12000,11635,365,382018,115745,266273,-15922
8466,美吉吉-KY,16000,32000,-16000,0,0,0,0,0,0,0,0,0,0,0,0,0,-16000
2480,敦陽科,536170,521000,15170,0,0,0,3000,49506,-46506,14163,10445,8081,2364,22799,11000,11799,-17173
4807,日成-KY,178021,193060,-15039,0,0,0,0,0,0,-3000,5000,8000,-3000,0,0,0,-18039
6614,資拓宏宇,58000,42000,16000,0,0,0,0,0,0,-35000,0,35000,-35000,0,0,0,-19000
6908,宏碁遊戲-創,9000,28000,-19000,0,0,0,0,0,0,0,0,0,0,5000,5000,0,-19000
1521,大億,67000,86000,-19000,0,0,0,0,0,0,-1000,2000,3000,-1000,0,0,0,-20000
3432,台端,4000,24000,-20000,0,0,0,0,0,0,0,0,0,0,0,0,0,-20000
1530,亞崴,83000,101000,-18000,0,0,0,0,0,0,-3000,3000,6000,-3000,0,0,0,-21000
2881C,富邦金丙特,0,21000,-21000,0,0,0,0,0,0,0,0,0,0,0,0,0,-21000
3026,禾伸堂,293700,278008,15692,0,0,0,0,40000,-40000,3301,39000,49400,-10400,62879,49178,13701,-21007
8162,微矽電子-創,147000,169000,-22000,0,0,0,0,0,0,421,0,1000,-1000,14950,13529,1421,-21579
6243,迅杰,103000,125000,-22000,0,0,0,0,0,0,-31,0,31,-31,0,0,0,-22031
6591,動力-KY,192000,217000,-25000,0,0,0,0,0,0,2025,3000,1001,1999,116,90,26,-22975
6526,達發,198209,253494,-55285,0,0,0,27000,0,27000,2710,0,162,-162,22048,19176,2872,-25575
1731,美吾華,18000,45000,-27000,0,0,0,0,0,0,0,0,0,0,0,0,0,-27000
6405,悅城,21000,57000,-36000,0,0,0,0,0,0,6000,6000,0,6000,0,0,0,-30000
911868,同方友友-DR,20000,50000,-30000,0,0,0,0,0,0,0,0,0,0,0,0,0,-30000
6449,鈺邦,36025,77000,-40975,0,0,0,0,0,0,9771,9000,14000,-5000,33000,18229,14771,-31204
6909,創控,134000,166000,-32000,0,0,0,0,0,0,0,0,0,0,0,0,0,-32000
3419,譁裕,89000,118000,-29000,0,0,0,0,0,0,-3000,1000,4000,-3000,0,0,0,-32000
7749,意騰-KY,239406,293000,-53594,0,0,0,20000,0,20000,1367,0,0,0,22183,20816,1367,-32227
8499,鼎炫-KY,25000,56000,-31000,0,0,0,0,0,0,-1296,1000,0,1000,0,2296,-2296,-32296
6957,裕慶-KY,50000,81000,-31000,0,0,0,0,0,0,-2517,0,1000,-1000,343,1860,-1517,-33517
1590,亞德客-KY,783548,795798,-12250,0,0,0,3000,26000,-23000,1303,1000,0,1000,17329,17026,303,-33947
6949,沛爾生醫-創,69891,105636,-35745,0,0,0,0,0,0,-1656,0,1000,-1000,24007,24663,-656,-37401
6515,穎崴,99625,117616,-17991,0,0,0,42000,63000,-21000,973,490,100,390,13998,13415,583,-38018
4722,國精化,104000,122001,-18001,0,0,0,0,0,0,-21522,20092,46000,-25908,38236,33850,4386,-39523
2753,八方雲集,42000,79002,-37002,0,0,0,0,3419,-3419,0,0,0,0,0,0,0,-40421
4155,訊映,82607,126000,-43393,0,0,0,0,0,0,1000,10000,9000,1000,0,0,0,-42393
2642,宅配通,13000,56000,-43000,0,0,0,0,0,0,0,0,0,0,0,0,0,-43000
6426,統新,332020,388000,-55980,0,0,0,0,0,0,9000,9000,0,9000,0,0,0,-46980
6115,鎰勝,76000,124000,-48000,0,0,0,0,0,0,462,0,0,0,1000,538,462,-47538
6789,采鈺,721260,749011,-27751,0,0,0,0,2000,-2000,-17887,0,0,0,49061,66948,-17887,-47638
6902,GOGOLOOK,100197,148000,-47803,0,0,0,0,0,0,0,0,0,0,0,0,0,-47803
7765,中華資安,49228,83000,-33772,0,0,0,0,0,0,-15620,3380,19000,-15620,0,0,0,-49392
02001L,富邦蘋果正二N,0,0,0,0,0,0,0,0,0,-51000,0,0,0,60000,111000,-51000,-51000
6669,緯穎,1171608,1305429,-133821,0,0,0,87002,4000,83002,-2403,32162,17408,14754,45858,63015,-17157,-53222
2247,汎德永業,28000,84000,-56000,0,0,0,0,0,0,2000,2000,0,2000,0,0,0,-54000
6534,正瀚-創,39000,100000,-61000,0,0,0,0,0,0,5000,5000,0,5000,0,0,0,-56000
6189,豐藝,348910,274000,74910,0,0,0,0,134335,-134335,0,0,0,0,0,0,0,-59425
3058,立德,588000,669000,-81000,0,0,0,0,0,0,20413,20413,0,20413,0,0,0,-60587
1503,士電,1680710,1829589,-148879,0,0,0,29000,0,29000,58307,71762,33528,38234,48204,28131,20073,-61572
6409,旭隼,274042,656403,-382361,0,0,0,313000,1000,312000,6663,4000,3659,341,10638,4316,6322,-63698
1604,聲寶,84000,152000,-68000,0,0,0,0,0,0,2000,2000,0,2000,0,0,0,-66000
2241,艾姆勒,624195,690000,-65805,0,0,0,0,0,0,-414,5000,5414,-414,0,0,0,-66219
6533,晶心科,103400,173000,-69600,0,0,0,0,0,0,523,0,0,0,16277,15754,523,-69077
6552,易華電,117841,192000,-74159,0,0,0,0,0,0,0,0,0,0,0,0,0,-74159
1568,倉佑,311600,223000,88600,0,0,0,0,0,0,-164000,1000,165000,-164000,0,0,0,-75400
6781,AES-KY,471332,514251,-42919,0,0,0,0,0,0,-33026,23069,12218,10851,38700,82577,-43877,-75945
4770,上品,142555,253000,-110445,0,0,0,0,0,0,31539,0,0,0,36416,4877,31539,-78906
3167,大量,166815,125484,41331,0,0,0,0,150000,-150000,28420,2420,0,2420,26000,0,26000,-80249
9910,豐泰,1890980,1998486,-107506,0,0,0,0,5999,-5999,32206,102000,69794,32206,0,0,0,-81299
1712,興農,560000,658000,-98000,0,0,0,0,0,0,16401,25000,8599,16401,0,0,0,-81599
7786,東方風能,83099,165847,-82748,0,0,0,0,0,0,1000,1000,0,1000,0,0,0,-81748
6192,巨路,182360,261000,-78640,0,0,0,0,0,0,-3355,1000,4355,-3355,0,0,0,-81995
2114,鑫永銓,65452,155000,-89548,0,0,0,0,0,0,3073,4000,1000,3000,73,0,73,-86475
3356,奇偶,150000,237486,-87486,0,0,0,0,0,0,242,2000,1758,242,0,0,0,-87244
8249,菱光,126661,216000,-89339,0,0,0,0,0,0,0,0,0,0,0,0,0,-89339
2207,和泰車,646003,640223,5780,0,0,0,5000,151824,-146824,49095,30000,1841,28159,20936,0,20936,-91949
2459,敦吉,88000,183000,-95000,0,0,0,0,0,0,0,0,0,0,0,0,0,-95000
5234,達興材料,146000,242325,-96325,0,0,0,0,0,0,-4265,1000,1568,-568,9001,12698,-3697,-100590
1702,南僑,189000,296000,-107000,0,0,0,0,0,0,3548,13000,9452,3548,0,0,0,-103452
7740,熙特爾-創,136000,244000,-108000,0,0,0,0,0,0,3895,4000,0,4000,10000,10105,-105,-104105
6756,威鋒電子,64000,170000,-106000,0,0,0,0,0,0,1000,4000,3000,1000,0,0,0,-105000
6579,研揚,109100,215100,-106000,0,0,0,0,0,0,511,5000,4489,511,0,0,0,-105489
1432,大魯閣,78000,187020,-109020,0,0,0,0,0,0,1000,1000,0,1000,0,0,0,-108020
2528,皇普,185000,294000,-109000,0,0,0,0,0,0,0,1000,1000,0,0,0,0,-109000
3305,昇貿,3054194,3322000,-267806,0,0,0,0,0,0,154751,2000,28000,-26000,295754,115003,180751,-113055
5284,jpp-KY,127010,241140,-114130,0,0,0,0,0,0,-615,0,1090,-1090,18937,18462,475,-114745
6438,迅得,264302,383000,-118698,0,0,0,0,0,0,3468,1000,0,1000,36283,33815,2468,-115230
9921,巨大,1235465,1362206,-126741,0,0,0,0,0,0,7169,3000,3680,-680,7865,16,7849,-119572
4949,有成精密,926100,1104000,-177900,0,0,0,0,1000,-1000,58101,57000,0,57000,38755,37654,1101,-120799
4764,雙鍵,683751,915000,-231249,0,0,0,102000,0,102000,-233,0,0,0,16455,16688,-233,-129482
1727,中華化,1925600,2060420,-134820,0,0,0,0,0,0,3748,5000,2000,3000,76643,75895,748,-131072
1232,大統益,57000,191190,-134190,0,0,0,0,0,0,1000,1000,0,1000,0,0,0,-133190
5434,崇越,280152,339070,-58918,0,0,0,34232,110636,-76404,464,4000,3296,704,0,240,-240,-134858
9925,新保,56000,191000,-135000,0,0,0,0,0,0,-1456,0,2000,-2000,1000,456,544,-136456
6854,錼創科技-KY創,79250,218200,-138950,0,0,0,0,0,0,-153,0,0,0,13000,13153,-153,-139103
3504,揚明光,485000,634000,-149000,0,0,0,0,0,0,7000,10000,3000,7000,0,0,0,-142000
6168,宏齊,985000,1121000,-136000,0,0,0,0,0,0,-8000,4000,12000,-8000,0,0,0,-144000
2231,為升,315000,485012,-170012,0,0,0,0,0,0,22000,6000,6000,0,22000,0,22000,-148012
6944,兆聯實業,136164,275407,-139243,0,0,0,0,0,0,-11054,42,23,19,2000,13073,-11073,-150297
4916,事欣科,788250,1004812,-216562,0,0,0,0,0,0,59308,2000,0,2000,119000,61692,57308,-157254
4952,凌通,132040,299550,-167510,0,0,0,0,0,0,3244,10000,6756,3244,0,0,0,-164266
1773,勝一,190212,350000,-159788,0,0,0,0,0,0,-8747,0,2011,-2011,0,6736,-6736,-168535
3406,玉晶光,831782,954306,-122524,0,0,0,29000,14000,15000,-62282,10000,100,9900,41775,113957,-72182,-169806
6691,洋基工程,143088,334398,-191310,0,0,0,27000,0,27000,-6336,1000,0,1000,8038,15374,-7336,-170646
6658,聯策,273427,444326,-170899,0,0,0,0,1000,-1000,-1000,0,1000,-1000,0,0,0,-172899
1560,中砂,449806,579502,-129696,0,0,0,0,8000,-8000,-37202,20,37111,-37091,22553,22664,-111,-174898
6719,力智,263005,437000,-173995,0,0,0,0,0,0,-5079,2000,2995,-995,0,4084,-4084,-179074
6605,帝寶,467368,404578,62790,0,0,0,0,233000,-233000,-9433,3512,3945,-433,0,9000,-9000,-179643
6215,和椿,1133398,1331049,-197651,0,0,0,0,0,0,17239,1000,1000,0,40230,22991,17239,-180412
6108,競國,366000,556020,-190020,0,0,0,0,0,0,9490,14000,4510,9490,0,0,0,-180530
3694,海華,343000,522198,-179198,0,0,0,0,0,0,-2485,2000,1000,1000,3775,7260,-3485,-181683
4935,茂林-KY,126090,317000,-190910,0,0,0,0,0,0,3421,7000,3579,3421,0,0,0,-187489
1611,中電,681146,886434,-205288,0,0,0,0,0,0,7018,13000,5982,7018,0,0,0,-198270
4977,眾達-KY,1073809,947135,126674,0,0,0,0,400000,-400000,68570,0,133,-133,82385,13682,68703,-204756
6937,天虹,218014,284769,-66755,0,0,0,0,135000,-135000,-3942,5000,24121,-19121,46102,30923,15179,-205697
3046,建碁,912000,1105000,-193000,0,0,0,0,0,0,-19886,6464,26350,-19886,0,0,0,-212886
8374,羅昇,1223097,1447000,-223903,0,0,0,0,0,0,10266,4000,4742,-742,25190,14182,11008,-213637
2405,輔信,4481000,4695000,-214000,0,0,0,0,0,0,-1000,7000,8000,-1000,0,0,0,-215000
3028,增你強,502000,689660,-187660,0,0,0,0,0,0,-30917,2000,25000,-23000,13095,21012,-7917,-218577
2393,億光,1042000,2036704,-994704,0,0,0,739000,13740,725260,50773,50000,34,49966,7999,7192,807,-218671
6442,光聖,430015,516678,-86663,0,0,0,0,113000,-113000,-21813,78248,98030,-19782,9,2040,-2031,-221476
4912,聯德控股-KY,471300,693130,-221830,0,0,0,0,0,0,-1003,3000,4003,-1003,0,0,0,-222833
6799,來頡,211496,431000,-219504,0,0,0,0,0,0,-4010,3000,7010,-4010,0,0,0,-223514
2543,皇昌,912458,1149000,-236542,0,0,0,0,0,0,11661,13000,6000,7000,33524,28863,4661,-224881
7711,永擎,314619,519000,-204381,0,0,0,0,0,0,-21161,4622,25783,-21161,0,0,0,-225542
6525,捷敏-KY,146363,357704,-211341,0,0,0,0,7325,-7325,-7000,0,7000,-7000,0,0,0,-225666
6861,睿生光電,282040,504025,-221985,0,0,0,0,0,0,-4450,0,5175,-5175,77002,76277,725,-226435
6573,虹揚-KY,136000,248000,-112000,0,0,0,0,0,0,-119930,8000,127930,-119930,0,0,0,-231930
8996,高力,715276,575686,139590,0,0,0,0,328000,-328000,-45533,107972,154505,-46533,1000,0,1000,-233943
3717,聯嘉投控,329308,613710,-284402,0,0,0,0,0,0,49000,52000,3000,49000,0,0,0,-235402
1215,卜蜂,667500,898000,-230500,0,0,0,0,8000,-8000,-1456,35000,35451,-451,0,1005,-1005,-239956
3021,鴻名,0,56000,-56000,0,0,0,0,0,0,-187000,0,187000,-187000,0,0,0,-243000
6235,華孚,1067449,1334219,-266770,0,0,0,0,0,0,19997,8000,3000,5000,18000,3003,14997,-246773
2427,三商電,510000,758000,-248000,0,0,0,0,0,0,0,0,0,0,0,0,0,-248000
2498,宏達電,2205361,2429750,-224389,0,0,0,0,0,0,-24085,8000,65213,-57213,89359,56231,33128,-248474
1617,榮星,189000,445000,-256000,0,0,0,0,0,0,6223,10008,3785,6223,0,0,0,-249777
3055,蔚華科,757044,1034000,-276956,0,0,0,0,0,0,26349,9000,9163,-163,40014,13502,26512,-250607
3025,星通,206110,460160,-254050,0,0,0,0,0,0,0,0,0,0,0,0,0,-254050
2404,漢唐,702357,1174781,-472424,0,0,0,230000,51000,179000,28596,81770,61979,19791,44873,36068,8805,-264828
3545,敦泰,810154,1075248,-265094,0,0,0,0,0,0,-3901,0,8000,-8000,28318,24219,4099,-268995
2515,中工,2537466,2824000,-286534,0,0,0,0,0,0,11774,25000,13226,11774,0,0,0,-274760
7788,松川精密,57000,330000,-273000,0,0,0,0,0,0,-8004,0,0,0,2025,10029,-8004,-281004
3708,上緯投控,404000,637000,-233000,0,0,0,0,0,0,-64092,1000,0,1000,13000,78092,-65092,-297092
3532,台勝科,0,304500,-304500,0,0,0,0,0,0,3727,0,0,0,4774,1047,3727,-300773
2883B,凱基金乙特,0,283000,-283000,0,0,0,0,0,0,-28000,71000,99000,-28000,0,0,0,-311000
2431,聯昌,322000,641700,-319700,0,0,0,0,0,0,1000,3000,2000,1000,0,0,0,-318700
3665,貿聯-KY,512560,418152,94408,0,0,0,9000,425355,-416355,1911,16850,16000,850,3224,2163,1061,-320036
2049,上銀,1799417,2231973,-432556,0,0,0,80000,276,79724,32543,76000,45000,31000,106229,104686,1543,-320289
6191,精成科,1177300,1492000,-314700,0,0,0,10000,0,10000,-20337,0,0,0,32318,52655,-20337,-325037
6139,亞翔,811917,1027788,-215871,0,0,0,0,123000,-123000,463,53237,47504,5733,14632,19902,-5270,-338408
6806,森崴能源,0,339000,-339000,0,0,0,0,0,0,0,0,0,0,0,0,0,-339000
6166,凌華,960528,1283120,-322592,0,0,0,0,0,0,-17155,10688,10011,677,3000,20832,-17832,-339747
6831,邁科,1028405,1280683,-252278,0,0,0,136000,226000,-90000,-1077,2000,3000,-1000,32765,32842,-77,-343355
1717,長興,7397176,7121000,276176,0,0,0,2232,907000,-904768,273863,8000,33064,-25064,454238,155311,298927,-354729
3036,文曄,3975628,2753517,1222111,0,0,0,364000,1922000,-1558000,-23374,40000,31749,8251,79081,110706,-31625,-359263
6271,同欣電,622100,777200,-155100,0,0,0,0,186000,-186000,-20201,5000,25844,-20844,53000,52357,643,-361301
7769,鴻勁,333676,742989,-409313,0,0,0,143000,106000,37000,-685,60395,63596,-3201,6619,4103,2516,-372998
4576,大銀微系統,812314,1202030,-389716,0,0,0,0,0,0,8485,42000,21597,20403,24536,36454,-11918,-381231
1447,力鵬,598000,1009260,-411260,0,0,0,0,0,0,21993,22000,7,21993,0,0,0,-389267
6695,芯鼎,329000,721000,-392000,0,0,0,0,0,0,1000,7000,6000,1000,0,0,0,-391000
3712,永崴投控,781000,1175000,-394000,0,0,0,0,0,0,1545,14128,12583,1545,0,0,0,-392455
2484,希華,3108358,3502050,-393692,0,0,0,0,0,0,-3240,46000,49240,-3240,0,0,0,-396932
3030,德律,913136,1320730,-407594,0,0,0,0,0,0,-2918,2000,4310,-2310,85535,86143,-608,-410512
2903,遠百,1563000,1262000,301000,0,0,0,1000,717000,-716000,3000,3000,0,3000,0,0,0,-412000
2476,鉅祥,780000,1223000,-443000,0,0,0,0,0,0,27188,2000,6195,-4195,72159,40776,31383,-415812
2850,新產,400000,748877,-348877,0,0,0,0,121000,-121000,49182,51000,1818,49182,0,0,0,-420695
6202,盛群,626951,1061000,-434049,0,0,0,12000,0,12000,-1333,5000,4656,344,3460,5137,-1677,-423382
3042,晶技,10493926,10753523,-259597,0,0,0,119000,30000,89000,-255604,148000,356137,-208137,507959,555426,-47467,-426201
1434,福懋,1615051,1093000,522051,0,0,0,0,986000,-986000,33781,34000,219,33781,0,0,0,-430168
5469,瀚宇博,1049000,1485050,-436050,0,0,0,0,0,0,5057,4000,4289,-289,19164,13818,5346,-430993
2204,中華,311000,569000,-258000,0,0,0,0,192367,-192367,0,0,0,0,0,0,0,-450367
3023,信邦,722338,994691,-272353,0,0,0,0,200000,-200000,2823,28000,21212,6788,18461,22426,-3965,-469530
6862,三集瑞-KY,1258266,1728250,-469984,0,0,0,0,0,0,-6381,74,30854,-30780,160713,136314,24399,-476365
2105,正新,5271300,6094249,-822949,0,0,0,102000,45613,56387,278101,212000,1000,211000,143101,76000,67101,-488461
5243,乙盛-KY,1138128,1600000,-461872,0,0,0,0,0,0,-39575,1000,0,1000,53961,94536,-40575,-501447
8104,錸寶,1565526,2077000,-511474,0,0,0,0,0,0,2000,4000,2000,2000,0,0,0,-509474
1587,吉茂,148000,685000,-537000,0,0,0,0,0,0,957,5000,4043,957,0,0,0,-536043
5471,松翰,583125,1136600,-553475,0,0,0,0,0,0,6806,25000,18194,6806,0,0,0,-546669
1597,直得,1182500,1755700,-573200,0,0,0,0,1000,-1000,14760,10000,75,9925,89369,84534,4835,-559440
6224,聚鼎,522238,1086000,-563762,0,0,0,0,0,0,-9857,2000,11857,-9857,0,0,0,-573619
3149,正達,1169000,1848000,-679000,0,0,0,0,0,0,88126,88126,0,88126,0,0,0,-590874
2401,凌陽,2734215,3334099,-599884,0,0,0,0,0,0,-3999,27000,58866,-31866,77000,49133,27867,-603883
3006,晶豪科,7612878,8459046,-846168,0,0,0,127000,3000,124000,102162,121000,80720,40280,220098,158216,61882,-620006
3014,聯陽,386331,1759500,-1373169,0,0,0,751000,5244,745756,-6463,8000,11507,-3507,0,2956,-2956,-633876
2351,順德,1379881,1951215,-571334,0,0,0,0,2000,-2000,-61830,3000,19502,-16502,91689,137017,-45328,-635164
8016,矽創,762184,1514633,-752449,0,0,0,110000,3097,106903,-23197,44000,48000,-4000,15798,34995,-19197,-668743
1808,潤隆,595646,1296000,-700354,0,0,0,0,0,0,3000,0,0,0,3000,0,3000,-697354
2428,興勤,908517,1667000,-758483,0,0,0,83000,0,83000,-27280,3000,5753,-2753,43759,68286,-24527,-702763
3037,欣興,8319825,8058693,261132,0,0,0,117001,1035000,-917999,-52762,60858,135931,-75073,353129,330818,22311,-709629
3135,凌航,1184032,1897009,-712977,0,0,0,0,0,0,-10780,10000,20780,-10780,0,0,0,-723757
2419,仲琦,1313790,1517000,-203210,0,0,0,0,1000,-1000,-521702,7000,1000,6000,62723,590425,-527702,-725912
2342,茂矽,1135851,1867000,-731149,0,0,0,0,0,0,1639,7000,5361,1639,0,0,0,-729510
8033,雷虎,1579818,2262360,-682542,0,0,0,0,0,0,-50771,0,0,0,2000,52771,-50771,-733313
2308,台達電,3611371,4432713,-821342,0,0,0,146000,13000,133000,-81183,29250,108100,-78850,373953,376286,-2333,-769525
2340,台亞,1809000,2239500,-430500,0,0,0,0,0,0,-352988,10000,225783,-215783,4481,141686,-137205,-783488
8473,山林水,1057170,1898390,-841220,0,0,0,0,0,0,43048,58048,15000,43048,0,0,0,-798172
8131,福懋科,5221070,6276468,-1055398,0,0,0,0,0,0,255142,19000,7639,11361,402050,158269,243781,-800256
1710,東聯,5519396,6224451,-705055,0,0,0,0,0,0,-122739,20000,14000,6000,911,129650,-128739,-827794
2820,華票,299000,724000,-425000,0,0,0,0,433000,-433000,1000,2000,1000,1000,0,0,0,-857000
3380,明泰,2088010,2874000,-785990,0,0,0,0,0,0,-94145,1000,14000,-13000,125976,207121,-81145,-880135
2493,揚博,795628,2047850,-1252222,0,0,0,411000,0,411000,-50832,1000,9000,-8000,17281,60113,-42832,-892054
2892,第一金,25992635,28327220,-2334585,0,0,0,1268000,0,1268000,164105,28000,94220,-66220,230325,0,230325,-902480
2360,致茂,1359922,2015297,-655375,0,0,0,11584,263000,-251416,-11773,4000,3000,1000,37847,50620,-12773,-918564
6706,惠特,2736153,3763820,-1027667,0,0,0,0,0,0,75071,10048,10595,-547,195856,120238,75618,-952596
2305,全友,1234100,2205000,-970900,0,0,0,0,0,0,12000,14000,2000,12000,0,0,0,-958900
8454,富邦媒,1057225,1977216,-919991,0,0,0,0,0,0,-50861,2139,57000,-54861,4000,0,4000,-970852
6919,康霈*,836029,1812640,-976611,0,0,0,0,0,0,2519,0,1000,-1000,32788,29269,3519,-974092
6415,矽力*-KY,1887817,2771113,-883296,0,0,0,62000,116000,-54000,-41760,4000,49000,-45000,69635,66395,3240,-979056
2539,櫻花建,928912,1978000,-1049088,0,0,0,0,0,0,40547,6000,5453,547,42000,2000,40000,-1008541
6962,奕力-KY,930962,1731000,-800038,0,0,0,0,226000,-226000,4763,3000,2000,1000,18471,14708,3763,-1021275
1522,堤維西,937099,1959000,-1021901,0,0,0,0,0,0,-25215,3000,17215,-14215,4000,15000,-11000,-1047116
3673,TPK-KY,13862756,15498902,-1636146,0,0,0,0,0,0,580164,598214,99356,498858,519865,438559,81306,-1055982
2332,友訊,1318660,2367000,-1048340,0,0,0,0,0,0,-11635,28000,5635,22365,6000,40000,-34000,-1059975
8103,瀚荃,825050,2023250,-1198200,0,0,0,0,0,0,127626,45000,8000,37000,140642,50016,90626,-1070574
2436,偉詮電,1091600,2173000,-1081400,0,0,0,0,0,0,5019,7000,18047,-11047,58592,42526,16066,-1076381
8261,富鼎,1550050,2787500,-1237450,0,0,0,80000,0,80000,74491,47000,74000,-27000,272654,171163,101491,-1082959
3413,京鼎,619250,1149100,-529850,0,0,0,8000,571000,-563000,-47080,1000,26000,-25000,20000,42080,-22080,-1139930
2316,楠梓電,1387777,2551975,-1164198,0,0,0,0,0,0,-20239,5000,4000,1000,98379,119618,-21239,-1184437
8926,台汽電,2487000,3810846,-1323846,0,0,0,100000,0,100000,29703,58000,28297,29703,0,0,0,-1194143
2441,超豐,2600283,3924510,-1324227,0,0,0,591000,185000,406000,-291155,49000,84506,-35506,88000,343649,-255649,-1209382
2363,矽統,4017795,5098324,-1080529,0,0,0,0,0,0,-183866,1000,688,312,57234,241412,-184178,-1264395
2413,環科,1602000,2863040,-1261040,0,0,0,0,0,0,-5000,3000,8000,-5000,0,0,0,-1266040
2388,威盛,1954221,2945000,-990779,0,0,0,0,6000,-6000,-319522,11000,121000,-110000,40502,250024,-209522,-1316301
2302,麗正,1926003,3272060,-1346057,0,0,0,0,0,0,7963,8000,37,7963,0,0,0,-1338094
2548,華固,258070,1768998,-1510928,0,0,0,121000,0,121000,12133,99073,86940,12133,0,0,0,-1377795
2887I,台新新光辛特,337000,1748519,-1411519,0,0,0,0,0,0,0,0,0,0,0,0,0,-1411519
6005,群益證,8936843,8500000,436843,0,0,0,0,1849243,-1849243,0,0,0,0,0,0,0,-1412400
6239,力成,2836047,3332250,-496203,0,0,0,39406,610000,-570594,-356520,46000,192000,-146000,76000,286520,-210520,-1423317
9907,統一實,1456000,1970000,-514000,0,0,0,1000,945574,-944574,0,0,0,0,0,0,0,-1458574
6278,台表科,3437711,4515200,-1077489,0,0,0,0,372000,-372000,-37092,80000,99000,-19000,125657,143749,-18092,-1486581
6209,今國光,3999155,5598504,-1599349,0,0,0,0,0,0,31687,14000,75758,-61758,253535,160090,93445,-1567662
2208,台船,4897000,6374000,-1477000,0,0,0,0,8000,-8000,-85000,0,85000,-85000,0,0,0,-1570000
3062,建漢,3805540,5462000,-1656460,0,0,0,0,0,0,77891,12000,6052,5948,142898,70955,71943,-1578569
3044,健鼎,982042,2885239,-1903197,0,0,0,590000,267000,323000,-9971,89338,42053,47285,70975,128231,-57256,-1590168
8110,華東,13372922,14952595,-1579673,0,0,0,0,0,0,-40762,8000,96000,-88000,412150,364912,47238,-1620435
6141,柏承,1222000,2890000,-1668000,0,0,0,0,0,0,-1089,0,1089,-1089,0,0,0,-1669089
2881,富邦金,31501369,24283120,7218249,0,0,0,22338000,31717979,-9379979,400841,43000,48000,-5000,523056,117215,405841,-1760889
2486,一詮,3281581,3723000,-441419,0,0,0,77000,1433000,-1356000,11964,251000,233246,17754,61717,67507,-5790,-1785455
8070,長華*,2150003,3656012,-1506009,0,0,0,0,340083,-340083,57714,46000,60028,-14028,107391,35649,71742,-1788378
3016,嘉晶,3616621,5253840,-1637219,0,0,0,0,0,0,-196462,0,36403,-36403,239831,399890,-160059,-1833681
2330,台積電,18316338,21628001,-3311663,0,0,0,722215,264000,458215,922000,530000,354600,175400,1010926,264326,746600,-1931448
4915,致伸,2160000,4183800,-2023800,0,0,0,388000,95479,292521,-204752,6000,211752,-205752,2000,1000,1000,-1936031
3033,威健,3802000,5652129,-1850129,0,0,0,0,18194,-18194,-119119,46000,820601,-774601,777884,122402,655482,-1987442
2362,藍天,1522241,3558120,-2035879,0,0,0,0,0,0,1165,12107,8942,3165,2000,4000,-2000,-2034714
2356,英業達,62230068,72975130,-10745062,0,0,0,8317000,748000,7569000,1138600,1678203,474639,1203564,1560911,1625875,-64964,-2037462
2855,統一證,3008000,4634000,-1626000,0,0,0,0,432131,-432131,0,0,0,0,0,0,0,-2058131
5388,中磊,2034000,4773000,-2739000,0,0,0,0,0,0,625519,125000,19858,105142,567245,46868,520377,-2113481
4927,泰鼎-KY,2491510,4641000,-2149490,0,0,0,0,0,0,1000,39000,38000,1000,0,0,0,-2148490
3711,日月光投控,10760900,8476750,2284150,0,0,0,151047,4808000,-4656953,102992,67000,54769,12231,1206095,1115334,90761,-2269811
1582,信錦,1363100,3820218,-2457118,0,0,0,0,1000,-1000,-54169,23000,23143,-143,110000,164026,-54026,-2512287
5880,合庫金,10223684,13158160,-2934476,0,0,0,175000,7244,167756,145354,18000,80000,-62000,209354,2000,207354,-2621366
2426,鼎元,3314547,6397200,-3082653,0,0,0,387000,0,387000,1895,4000,3000,1000,162441,161546,895,-2693758
6116,彩晶,280090,4135050,-3854960,0,0,0,0,0,0,1027700,0,80000,-80000,1207700,100000,1107700,-2827260
1609,大亞,3261082,6402000,-3140918,0,0,0,0,0,0,47338,12000,24000,-12000,88961,29623,59338,-3093580
2338,光罩,1820350,5040000,-3219650,0,0,0,0,0,0,89114,137075,16418,120657,32495,64038,-31543,-3130536
9904,寶成,8416000,8007850,408150,0,0,0,0,3527394,-3527394,-18991,28000,27000,1000,35009,55000,-19991,-3138235
6285,啟碁,4475755,7525676,-3049921,0,0,0,174000,22000,152000,-247655,96000,217131,-121131,183317,309841,-126524,-3145576
2485,兆赫,3458049,6739220,-3281171,0,0,0,0,3000,-3000,-69713,27000,25000,2000,112848,184561,-71713,-3353884
3714,富采,3591811,6754000,-3162189,0,0,0,0,289000,-289000,-84433,28000,112678,-84678,111820,111575,245,-3535622
2474,可成,281000,819004,-538004,0,0,0,0,3910179,-3910179,385867,3996,0,3996,382871,1000,381871,-4062316
2352,佳世達,5387508,10538675,-5151167,0,0,0,103000,0,103000,650021,16022,1000,15022,886372,251373,634999,-4398146
2369,菱生,4483798,8686150,-4202352,0,0,0,0,0,0,-330646,17000,93000,-76000,49138,303784,-254646,-4532998
1102,亞泥,8159000,10467400,-2308400,0,0,0,0,2194327,-2194327,-79100,42000,49100,-7100,4000,76000,-72000,-4581827
6257,矽格,2769891,6140985,-3371094,0,0,0,267,807000,-806733,-404544,18000,194000,-176000,248521,477065,-228544,-4582371
2885,元大金,15389041,12788082,2600959,0,0,0,485000,7947400,-7462400,10948,69000,105035,-36035,332290,285307,46983,-4850493
2367,燿華,9041791,13789470,-4747679,0,0,0,0,0,0,-154231,46000,96366,-50366,320661,424526,-103865,-4901910
2489,瑞軒,4895628,9667615,-4771987,0,0,0,15000,0,15000,-164273,8000,180000,-172000,125139,117412,7727,-4921260
2317,鴻海,75861272,82436369,-6575097,0,0,0,2139000,331000,1808000,-376779,506700,539662,-32962,3987479,4331296,-343817,-5143876
2312,金寶,34859102,41234893,-6375791,0,0,0,593000,0,593000,535051,198000,211000,-13000,1061523,513472,548051,-5247740
2449,京元電子,18613158,17127103,1486055,0,0,0,94661,7639500,-7544839,-7461,247065,329022,-81957,468997,394501,74496,-6066245
2633,台灣高鐵,5511000,11656000,-6145000,0,0,0,1000,7759,-6759,26000,0,0,0,27000,1000,26000,-6125759
2002,中鋼,20707683,28303101,-7595418,0,0,0,5000,0,5000,768461,26000,3118,22882,1003028,257449,745579,-6821957
1301,台塑,17920088,26000896,-8080808,0,0,0,0,0,0,892601,17686,15988,1698,1267507,376604,890903,-7188207
2481,強茂,11996516,26258082,-14261566,0,0,0,7014000,0,7014000,-68767,603973,515668,88305,525811,682883,-157072,-7316333
8039,台虹,8920500,18187015,-9266515,0,0,0,25000,163000,-138000,-40485,331582,278821,52761,214209,307455,-93246,-9445000
8150,南茂,24968435,37306807,-12338372,0,0,0,262000,0,262000,2023226,1608000,422870,1185130,2226517,1388421,838096,-10053146
2324,仁寶,7586000,6666839,919161,0,0,0,0,14227900,-14227900,2431073,115000,0,115000,2593073,277000,2316073,-10877666
2313,華通,15582080,29290893,-13708813,0,0,0,38000,13000,25000,81648,227000,151000,76000,1388367,1382719,5648,-13602165
2355,敬鵬,4421220,19251220,-14830000,0,0,0,0,334000,-334000,-906375,25000,517410,-492410,600439,1014404,-413965,-16070375
2303,聯電,110354281,89927622,20426659,0,0,0,5828439,43854000,-38025561,-87725,955318,919318,36000,1170755,1294480,-123725,-17686627
1504,東元,10300385,29816189,-19515804,0,0,0,91000,5584,85416,1074307,596000,67000,529000,1510934,965627,545307,-18356081
1402,遠東新,36774464,22074090,14700374,0,0,0,0,37345965,-37345965,148571,208000,5826,202174,171242,224845,-53603,-22497020
1605,華新,23323697,49418800,-26095103,0,0,0,2000,0,2000,1138292,206000,40008,165992,2091712,1119412,972300,-24954811
2409,友達,109373307,219727833,-110354526,0,0,0,99000,0,99000,-2139876,86000,1075000,-989000,3388259,4539135,-1150876,-112395402
6770,力積電,143505624,301710752,-158205128,0,0,0,199000,0,199000,-7273611,1306211,4061694,-2755483,3150809,7668937,-4518128,-165279739
